#CHROM	POS	ID	REF	ALT	A1	A1_FREQ	TEST	OBS_CT	OR	LOG(OR)_SE	L95	U95	Z_STAT	P
15	31200023	rs72714666	T	C	C	0.0842939	ADD	694	1.08073	0.205042	0.723076	1.61528	0.378624	0.704967
15	31200154	rs12907310	T	C	T	0.476409	ADD	763	1.1643	0.112606	0.933711	1.45182	1.35087	0.176737
15	31200183	rs180908090	T	C	C	0.00131406	ADD	761	10.6242	1.55538	0.503909	223.997	1.51933	0.12868
15	31200343	rs144000522	C	T	T	0.00131062	ADD	763	0.786598	1.60838	0.0336276	18.3997	-0.149242	0.881363
15	31200354	rs116873622	G	T	T	0.00131579	ADD	760	0.388974	1.57524	0.0177449	8.52642	-0.599428	0.548887
15	31200860	rs4779839	C	T	C	0.486376	ADD	734	1.15603	0.11463	0.923413	1.44725	1.26487	0.205917
15	31202844	rs1672412	A	G	A	0.416436	ADD	724	1.21087	0.118326	0.960234	1.52692	1.61703	0.105872
15	31202856	rs75132239	C	T	T	0.0198413	ADD	756	1.2233	0.382101	0.578478	2.58688	0.527475	0.597864
15	31202910	rs1863279	T	G	T	0.424899	ADD	739	1.20784	0.115941	0.962319	1.516	1.62868	0.10338
15	31203600	rs535927746	C	T	T	0.00131062	ADD	763	10.583	1.55539	0.501943	223.131	1.51682	0.129313
15	31203618	rs7166174	C	T	C	0.480432	ADD	741	1.20156	0.114562	0.95991	1.50405	1.60282	0.108975
15	31204824	rs278358	T	C	T	0.32287	ADD	669	1.07758	0.128316	0.837965	1.38571	0.582288	0.560372
15	31204844	rs278357	A	G	A	0.421687	ADD	747	1.22319	0.115632	0.97514	1.53433	1.74226	0.0814636
15	31205122	rs78336256	C	T	T	0.0507916	ADD	758	1.04628	0.25073	0.640068	1.71029	0.180442	0.856806
15	31205436	rs1153430	A	G	G	0.478814	ADD	708	1.16113	0.11677	0.923605	1.45974	1.27939	0.200759
15	31205782	rs28658479	C	T	T	0.408708	ADD	712	1.221	0.118991	0.967009	1.54171	1.67803	0.093341
15	31206605	rs278353	G	C	C	0.473464	ADD	716	1.17589	0.115234	0.938169	1.47386	1.40609	0.159698
15	31207069	rs28669757	A	G	G	0.0507916	ADD	758	1.04628	0.25073	0.640068	1.71029	0.180442	0.856806
15	31207737	rs74985484	C	G	G	0.0507916	ADD	758	1.04628	0.25073	0.640068	1.71029	0.180442	0.856806
15	31208396	rs190135629	C	T	T	0.00262467	ADD	762	0.758132	1.17888	0.0752104	7.64209	-0.234881	0.814301
15	31208599	rs2575897	A	G	A	0.472441	ADD	635	0.906257	0.126431	0.707348	1.1611	-0.778547	0.436247
15	31209992	rs6493527	C	T	C	0.474063	ADD	694	1.20981	0.118274	0.959492	1.52543	1.61034	0.107323
15	31212723	rs141376467	G	C	C	0.00396301	ADD	757	0.430459	1.10534	0.0493245	3.75665	-0.762572	0.445719
15	31213660	rs62037861	G	T	T	0.0320057	ADD	703	1.85332	0.308977	1.01146	3.39588	1.99685	0.0458416
15	31213786	rs71474651	C	A	A	0.140523	ADD	612	1.28423	0.177099	0.907602	1.81715	1.41254	0.157792
15	31214081	rs11639122	T	C	C	0.456685	ADD	531	0.817833	0.141777	0.619419	1.07981	-1.4184	0.156074
15	31214112	rs2879263	G	A	A	0.407965	ADD	565	1.31726	0.138472	1.00416	1.72798	1.98994	0.046598
15	31214489	rs190496740	C	T	T	0.0013089	ADD	764	0.655264	1.55756	0.0309472	13.8743	-0.271397	0.786086
15	31214707	rs9944280	C	G	G	0.0503356	ADD	745	1.08095	0.252125	0.65947	1.77179	0.308723	0.757532
15	31214833	rs1978801	A	G	G	0.412613	ADD	555	1.31991	0.138857	1.00542	1.73277	1.99891	0.0456178
15	31215052	rs2164565	G	A	A	0.389749	ADD	517	1.34345	0.144473	1.01215	1.78318	2.04357	0.0409961
15	31215853	rs62037863	G	A	A	0.091716	ADD	676	1.12736	0.205966	0.752914	1.68804	0.582049	0.560534
15	31215896	rs117089113	G	C	C	0.044	ADD	750	1.00094	0.273022	0.586153	1.70924	0.00343645	0.997258
15	31216968	rs28631253	G	A	A	0.0480641	ADD	749	1.01833	0.262931	0.608248	1.70488	0.069074	0.944931
15	31217306	rs7177010	G	A	A	0.345691	ADD	499	0.797505	0.157675	0.585491	1.08629	-1.43503	0.151279
15	31217657	rs8023548	T	C	T	0.13981	ADD	633	1.2595	0.177137	0.89006	1.78229	1.30247	0.192756
15	31217888	rs117503457	A	T	T	0.116261	ADD	658	1.07758	0.192455	0.73898	1.57134	0.388256	0.697827
15	31218323	rs566112741	C	CAA	CAA	0.121622	ADD	666	1.10431	0.186601	0.766049	1.59194	0.531734	0.59491
15	31218682	rs78884938	C	T	T	0.0486667	ADD	750	0.995461	0.262138	0.595515	1.66401	-0.0173539	0.986154
15	31218693	rs930334	C	A	C	0.196429	ADD	616	1.20366	0.159007	0.881369	1.64381	1.16579	0.2437
15	31218751	rs146037539	T	A	A	0.00591327	ADD	761	0.140062	1.45594	0.00807271	2.4301	-1.3501	0.176985
15	31219408	rs112284039	C	T	T	0	ADD	763	NA	NA	NA	NA	NA	NA
15	31220449	rs11070871	T	C	C	0.122556	ADD	665	1.12609	0.186316	0.781595	1.62243	0.637381	0.523877
15	31220630	rs184821801	G	A	A	0.000656168	ADD	762	6.47619	1.64252	0.258944	161.969	1.13736	0.255388
15	31221281	rs4270138	C	T	T	0.125561	ADD	669	1.15861	0.183456	0.808684	1.65995	0.802482	0.422274
15	31221393	rs76127089	A	T	T	0.115385	ADD	676	1.27622	0.183879	0.890036	1.82997	1.32643	0.184698
15	31221755	rs62037864	C	T	T	0.108309	ADD	674	1.31869	0.19004	0.908619	1.91384	1.45571	0.145474
15	31221841	rs146285793	C	CATT	CATT	0.123874	ADD	666	1.15887	0.184349	0.807453	1.66323	0.799825	0.423812
15	31222174	rs4779841	G	T	G	0.1407	ADD	629	1.25591	0.177243	0.887338	1.77757	1.28558	0.198589
15	31222253	rs4779842	C	T	C	0.14127	ADD	630	1.26034	0.177189	0.890561	1.78366	1.30584	0.191607
15	31222843	rs1134445	G	A	A	0.019685	ADD	762	1.59132	0.39397	0.735207	3.44434	1.17919	0.238324
15	31223009	rs1134444	A	G	G	0.111035	ADD	734	1.19027	0.183413	0.830853	1.70517	0.949666	0.342282
15	31223372	rs117317368	C	T	T	0.00458115	ADD	764	2.77855	0.783455	0.59833	12.9032	1.30439	0.192101
15	31223653	rs3743235	G	A	A	0.0500668	ADD	749	0.961993	0.256966	0.581357	1.59185	-0.150789	0.880142
15	31223730	rs28718174	G	C	C	0.127706	ADD	693	1.39019	0.168595	0.998997	1.93456	1.95401	0.0506996
15	31223805	rs1865873	T	C	C	0.199816	ADD	543	0.763647	0.179598	0.537055	1.08584	-1.50141	0.13325
15	31223872	rs3743237	C	T	T	0.0915978	ADD	726	0.997225	0.200903	0.672642	1.47844	-0.0138325	0.988964
15	31224210	rs186317480	C	T	T	0.0013089	ADD	764	0.101424	1.65928	0.00392426	2.62136	-1.37917	0.167841
15	31224267	rs1060493	C	A	A	0.422581	ADD	620	0.96543	0.126927	0.752801	1.23812	-0.277181	0.781641
15	31224331	rs11633368	G	C	C	0.0915978	ADD	726	0.997225	0.200903	0.672642	1.47844	-0.0138325	0.988964
15	31224509	rs4779843	G	T	G	0.309859	ADD	639	1.32772	0.133595	1.02186	1.72513	2.1218	0.0338546
15	31224716	rs4779844	G	C	G	0.304553	ADD	637	1.2337	0.13412	0.94852	1.60462	1.5659	0.117373
15	31224750	rs74221455	G	A	A	0.0500668	ADD	749	0.961993	0.256984	0.581335	1.59191	-0.150778	0.880151
15	31225344	rs7161875	C	T	C	0.304416	ADD	634	1.21855	0.135053	0.935156	1.58781	1.46356	0.143315
15	31225386	rs188837776	C	T	T	0.00131062	ADD	763	10.583	1.55539	0.501943	223.131	1.51682	0.129313
15	31225525	rs28605389	G	A	A	0.138696	ADD	721	1.36019	0.160687	0.992709	1.8637	1.91443	0.0555657
15	31225527	rs7162098	C	T	T	0.418768	ADD	714	0.977848	0.118371	0.775378	1.23319	-0.189246	0.8499
15	31225579	rs28379600	C	A	A	0.138696	ADD	721	1.36019	0.160687	0.992709	1.8637	1.91443	0.0555657
15	31226058	rs754612	G	A	A	0.138889	ADD	720	1.37715	0.161189	1.0041	1.8888	1.98533	0.047108
15	31226088	rs35844032	G	C	C	0.0141319	ADD	743	2.04493	0.459507	0.830891	5.03281	1.5568	0.119518
15	31226151	rs2009358	T	C	C	0.138696	ADD	721	1.36019	0.160687	0.992709	1.8637	1.91443	0.0555657
15	31226294	rs139895138	T	A	A	0.00458115	ADD	764	2.77855	0.783455	0.59833	12.9032	1.30439	0.192101
15	31226491	rs755563	A	G	A	0.308446	ADD	663	1.21657	0.131411	0.940326	1.57396	1.49175	0.135765
15	31226496	rs76710398	A	G	G	0.0507343	ADD	749	0.943492	0.256245	0.570981	1.55903	-0.226999	0.820424
15	31226833	rs4304986	C	T	C	0.197674	ADD	688	1.27407	0.146696	0.955707	1.69848	1.65113	0.0987118
15	31227133	rs11632037	A	T	T	0.0930556	ADD	720	0.967502	0.20088	0.652623	1.4343	-0.164465	0.869365
15	31227256	rs8025142	A	G	G	0.233129	ADD	652	0.779344	0.152575	0.577906	1.051	-1.63397	0.102265
15	31227790	rs12903039	A	G	G	0.424658	ADD	730	0.97998	0.115957	0.780754	1.23004	-0.174398	0.861553
15	31229385	rs118105302	C	G	G	0.0107672	ADD	743	1.39672	0.539053	0.485588	4.01748	0.619847	0.535359
15	31229462	rs2289126	G	T	T	0.133059	ADD	729	1.43794	0.162228	1.04629	1.9762	2.23892	0.0251612
15	31229671	rs185419602	T	C	C	0.00131062	ADD	763	0.574502	1.56774	0.0265966	12.4096	-0.353534	0.723688
15	31229788	rs12439620	G	C	C	0.240854	ADD	656	0.746957	0.149999	0.556694	1.00225	-1.945	0.0517744
15	31229978	rs12101670	C	T	T	0.0507343	ADD	749	0.943492	0.256245	0.570981	1.55903	-0.226999	0.820424
15	31230156	rs1972825	C	T	T	0.0507343	ADD	749	0.943492	0.256245	0.570981	1.55903	-0.226999	0.820424
15	31230206	rs7497197	C	T	T	0.421961	ADD	724	0.965669	0.117295	0.767338	1.21526	-0.297832	0.765831
15	31230336	rs28392854	A	G	G	0.133059	ADD	729	1.43794	0.162228	1.04629	1.9762	2.23892	0.0251612
15	31230558	rs2304506	C	G	G	0.422545	ADD	723	0.960437	0.117441	0.762962	1.20902	-0.343716	0.73106
15	31230805	rs2304507	T	C	C	0.136616	ADD	721	1.42416	0.161237	1.03827	1.95345	2.19291	0.0283138
15	31231536	rs7165340	G	C	C	0.420028	ADD	719	0.966881	0.117651	0.767764	1.21764	-0.286272	0.774669
15	31232370	rs7173436	A	C	C	0.412387	ADD	662	1.00023	0.123548	0.785122	1.27428	0.00189953	0.998484
15	31232403	rs4779846	A	G	G	0.40991	ADD	666	0.994315	0.123316	0.780831	1.26617	-0.0462352	0.963123
15	31232514	rs75412725	T	G	G	0.0883621	ADD	696	1.01749	0.205914	0.679603	1.52337	0.0841996	0.932898
15	31233313	rs55674909	G	A	A	0.396631	ADD	653	0.988197	0.124894	0.77363	1.26227	-0.0950671	0.924262
15	31233450	rs189867949	G	A	A	0.00131406	ADD	761	0.35831	1.55458	0.0170216	7.54252	-0.660217	0.509115
15	31233597	rs7178186	G	T	T	0.411411	ADD	666	0.984783	0.123145	0.773605	1.25361	-0.124521	0.900903
15	31234047	rs17815893	T	C	C	0.238338	ADD	686	1.29054	0.13444	0.991602	1.67961	1.89723	0.0577975
15	31234129	rs34758291	G	C	C	0.237921	ADD	683	1.29262	0.134392	0.993294	1.68216	1.9099	0.0561466
15	31234186	rs7163696	T	C	T	0.255183	ADD	627	0.728377	0.151774	0.540961	0.980725	-2.0882	0.0367794
15	31234410	rs11630040	G	A	A	0.0880231	ADD	693	1.0346	0.206338	0.690455	1.55027	0.164832	0.869076
15	31234632	rs28469347	T	C	C	0.145033	ADD	755	1.33702	0.153269	0.990089	1.80551	1.89498	0.0580954
15	31234703	rs12437996	C	G	G	0.0496644	ADD	745	0.930762	0.259973	0.559177	1.54927	-0.275995	0.782552
15	31235426	rs538132804	G	A	A	0.00131062	ADD	763	1.31645	1.43477	0.079091	21.912	0.191627	0.848035
15	31235578	rs367943852	CACTT	C	C	0.00658762	ADD	759	0.941824	0.712448	0.233095	3.80546	-0.0841277	0.932955
15	31235859	rs56251109	A	T	T	0.227481	ADD	655	0.703839	0.152797	0.521689	0.949586	-2.29852	0.0215325
15	31235959	rs4329885	G	T	T	0.144841	ADD	756	1.34051	0.153229	0.992752	1.81008	1.91249	0.0558137
15	31236050	rs62037869	C	T	T	0.145033	ADD	755	1.33702	0.153269	0.990089	1.80551	1.89498	0.0580954
15	31236453	rs6493535	C	T	T	0.400309	ADD	647	0.989247	0.12642	0.772139	1.2674	-0.0855191	0.931849
15	31236884	rs4779847	C	A	A	0.360448	ADD	670	0.929455	0.124265	0.72854	1.18578	-0.588716	0.556052
15	31237303	rs192814077	A	G	G	0.00196335	ADD	764	0.218054	1.51268	0.0112452	4.22824	-1.00683	0.314016
15	31237555	rs12913460	T	C	C	0.425432	ADD	637	0.912664	0.126062	0.712864	1.16846	-0.724941	0.468488
15	31238076	rs36047204	C	T	T	0.0809249	ADD	692	1.26076	0.208919	0.837143	1.89873	1.10911	0.267383
15	31238188	rs76293909	C	T	T	0.0502008	ADD	747	0.915222	0.259346	0.550516	1.52154	-0.341586	0.732663
15	31238236	rs4779850	C	T	T	0.42429	ADD	634	0.914211	0.126935	0.712852	1.17245	-0.706607	0.47981
15	31239170	rs7178760	C	T	T	0.0756677	ADD	674	1.15608	0.218425	0.75347	1.77383	0.664023	0.506676
15	31239621	rs12593828	A	G	G	0.186317	ADD	687	0.789115	0.15939	0.577387	1.07848	-1.48594	0.137296
15	31239637	rs2077258	C	T	T	0.424842	ADD	632	0.922632	0.127082	0.719211	1.18359	-0.633644	0.526313
15	31239638	rs7182545	G	A	A	0.0747384	ADD	669	1.12373	0.22055	0.729337	1.73139	0.52891	0.596868
15	31239730	rs7182721	G	A	A	0.0758929	ADD	672	1.15006	0.218468	0.749483	1.76475	0.639993	0.522177
15	31239960	rs147990520	TTCTATTA	T	T	0.0804348	ADD	690	1.23376	0.212284	0.813829	1.87036	0.989539	0.3224
15	31240107	rs3865090	G	A	A	0.0804348	ADD	690	1.23376	0.212284	0.813829	1.87036	0.989539	0.3224
15	31240469	rs62037871	T	G	G	0.155378	ADD	753	1.23092	0.150773	0.915993	1.65413	1.37799	0.168207
15	31240898	rs2061211	C	G	G	0.155378	ADD	753	1.23092	0.150773	0.915993	1.65413	1.37799	0.168207
15	31241022	rs62037872	C	G	G	0.423259	ADD	632	0.900799	0.126901	0.70244	1.15517	-0.823265	0.410357
15	31241036	rs55724559	A	G	A	0.358293	ADD	621	1.37442	0.128715	1.06796	1.76881	2.47081	0.0134806
15	31241261	rs11632469	G	A	A	0.0806686	ADD	688	1.24351	0.212428	0.82003	1.88568	1.02593	0.304922
15	31242083	rs79619564	A	G	G	0.0499334	ADD	751	0.921635	0.259277	0.55445	1.53199	-0.314743	0.752957
15	31242093	rs2061210	G	T	T	0.155172	ADD	754	1.22959	0.151229	0.914186	1.65381	1.36668	0.171726
15	31242243	rs75182678	A	G	G	0.0805515	ADD	689	1.23695	0.212307	0.8159	1.87529	1.00162	0.316529
15	31242387	rs6493540	A	G	G	0.419408	ADD	608	0.939365	0.13079	0.726952	1.21384	-0.478253	0.63247
15	31242506	rs6493541	C	T	T	0.419408	ADD	608	0.939365	0.13079	0.726952	1.21384	-0.478253	0.63247
15	31242785	rs4779511	A	G	G	0.41954	ADD	609	0.938677	0.130843	0.726344	1.21308	-0.48366	0.628627
15	31242940	rs77381662	C	A	A	0.205749	ADD	661	0.671954	0.158894	0.49214	0.917468	-2.50207	0.0123469
15	31243047	rs4779852	G	C	C	0.419408	ADD	608	0.939365	0.13079	0.726952	1.21384	-0.478253	0.63247
15	31243145	rs113377256	AC	A	A	0.15873	ADD	756	1.21584	0.149435	0.907142	1.62957	1.3078	0.190941
15	31243162	rs8040096	G	A	A	0.419408	ADD	608	0.939365	0.13079	0.726952	1.21384	-0.478253	0.63247
15	31243191	rs9745240	G	A	A	0.419408	ADD	608	0.939365	0.13079	0.726952	1.21384	-0.478253	0.63247
15	31243229	rs9744028	C	T	T	0.418719	ADD	609	0.932514	0.130616	0.721896	1.20458	-0.534935	0.592695
15	31243286	rs28826082	G	A	A	0.15873	ADD	756	1.21584	0.149435	0.907142	1.62957	1.3078	0.190941
15	31243901	rs61565686	G	A	A	0.192044	ADD	729	0.741474	0.153013	0.549352	1.00078	-1.95484	0.0506024
15	31244214	rs6493542	G	A	A	0.419408	ADD	608	0.939365	0.13079	0.726952	1.21384	-0.478253	0.63247
15	31245173	rs7171928	C	T	T	0.419408	ADD	608	0.939365	0.13079	0.726952	1.21384	-0.478253	0.63247
15	31245293	rs6493543	T	G	T	0.466248	ADD	637	1.01747	0.126073	0.794705	1.30267	0.137338	0.890764
15	31245443	rs17228227	C	G	G	0.153745	ADD	761	1.21747	0.151655	0.904422	1.63888	1.29754	0.194445
15	31245787	rs118082056	G	C	C	0.00862069	ADD	754	1.93627	0.58116	0.619843	6.04855	1.13698	0.255549
15	31245796	rs7342654	G	C	C	0.153745	ADD	761	1.21747	0.151655	0.904422	1.63888	1.29754	0.194445
15	31246129	rs28690880	G	T	T	0.153745	ADD	761	1.21747	0.151655	0.904422	1.63888	1.29754	0.194445
15	31246299	rs75354623	G	C	C	0.192044	ADD	729	0.727115	0.153726	0.537962	0.982776	-2.07298	0.0381738
15	31246316	rs12899352	C	G	G	0.419408	ADD	608	0.939365	0.13079	0.726952	1.21384	-0.478253	0.63247
15	31246339	rs8041227	G	A	A	0.153745	ADD	761	1.21747	0.151655	0.904422	1.63888	1.29754	0.194445
15	31246838	rs552607927	AACTTAACT	A	A	0.00196592	ADD	763	0.33116	1.52698	0.0166063	6.60392	-0.723754	0.469217
15	31247086	rs28542528	C	T	T	0.151394	ADD	753	1.25618	0.152191	0.932198	1.69277	1.49864	0.133968
15	31247372	rs28529812	C	T	T	0.151394	ADD	753	1.25618	0.152191	0.932198	1.69277	1.49864	0.133968
15	31247537	rs118169151	C	T	T	0.00196592	ADD	763	0.33116	1.52698	0.0166063	6.60392	-0.723754	0.469217
15	31247562	rs77792233	C	T	T	0.00329381	ADD	759	1.78121	0.935278	0.284842	11.1385	0.617242	0.537075
15	31247694	rs7178899	C	T	T	0.195122	ADD	738	0.730169	0.151708	0.542362	0.983009	-2.07292	0.0381795
15	31248192	rs74609360	C	T	T	0.0579179	ADD	682	1.3923	0.246947	0.858087	2.25909	1.3402	0.180182
15	31248417	rs79313187	G	A	A	0.0579179	ADD	682	1.3923	0.246947	0.858087	2.25909	1.3402	0.180182
15	31248438	rs7183212	G	A	A	0.418197	ADD	599	0.94004	0.130412	0.728013	1.21382	-0.47413	0.635407
15	31248461	rs62037874	C	T	T	0.151394	ADD	753	1.25618	0.152191	0.932198	1.69277	1.49864	0.133968
15	31248613	rs148545427	G	A	A	0.00196335	ADD	764	0.218054	1.51268	0.0112452	4.22824	-1.00683	0.314016
15	31248626	rs79843954	A	T	T	0.0809038	ADD	686	1.22995	0.212582	0.81084	1.86568	0.973597	0.330257
15	31249872	rs75576656	C	T	T	0.186854	ADD	677	0.729888	0.161027	0.532341	1.00074	-1.95535	0.0505423
15	31250666	rs7180901	T	C	T	0.177446	ADD	603	1.2359	0.16006	0.903112	1.69133	1.32327	0.185745
15	31251362	rs79265647	C	T	T	0.0725806	ADD	682	1.10002	0.221408	0.712749	1.69771	0.430544	0.6668
15	31251525	rs117701887	G	T	T	0.0105125	ADD	761	0.810712	0.549868	0.275942	2.38185	-0.381623	0.702741
15	31251626	rs184721782	A	T	T	0.00131406	ADD	761	0.35831	1.55458	0.0170216	7.54252	-0.660217	0.509115
15	31252256	rs79254627	T	C	C	0.0837037	ADD	675	1.33808	0.208485	0.889242	2.01347	1.39692	0.162437
15	31252830	rs17815905	T	C	C	0.14465	ADD	757	1.25131	0.154459	0.924459	1.69371	1.45144	0.146657
15	31253198	rs8032788	T	C	T	0.286689	ADD	586	1.38935	0.144773	1.04612	1.8452	2.27138	0.023124
15	31253447	rs75588281	T	G	G	0.0956204	ADD	685	1.344	0.194462	0.918062	1.96754	1.52034	0.128426
15	31253502	rs73379275	T	C	C	0.075969	ADD	645	1.27667	0.229868	0.813606	2.00329	1.06259	0.28797
15	31253552	rs62037876	A	G	A	0.257273	ADD	550	1.21606	0.152394	0.902062	1.63935	1.28361	0.199278
15	31253739	rs116998504	C	T	T	0.0480641	ADD	749	0.972227	0.261079	0.582823	1.62181	-0.107883	0.914088
15	31253912	rs118051214	C	T	T	0.0238727	ADD	754	2.59985	0.35781	1.28937	5.24224	2.67028	0.00757886
15	31254353	rs1199370962	A	AG	AG	0.0013089	ADD	764	12.7044	1.57508	0.579753	278.396	1.61385	0.106559
15	31254556	rs8036960	G	C	G	0.260239	ADD	586	1.45952	0.143832	1.10098	1.93481	2.62879	0.00856888
15	31254633	rs8036997	G	C	G	0.256711	ADD	596	1.50663	0.143165	1.13801	1.99467	2.86297	0.00419693
15	31254699	rs116958134	C	T	T	0.0227882	ADD	746	3.00614	0.372423	1.44878	6.23758	2.9554	0.00312264
15	31254802	rs80335603	A	G	G	0.0227273	ADD	748	3.01958	0.372636	1.45465	6.26809	2.96568	0.00302015
15	31255279	rs57133856	T	G	G	0.100794	ADD	630	1.73	0.203479	1.16103	2.57779	2.69375	0.00706525
15	31255571	rs74013336	A	G	G	0.0973101	ADD	632	1.66932	0.207138	1.1123	2.50528	2.47379	0.0133689
15	31256251	rs8033856	T	A	T	0.25755	ADD	596	1.49111	0.143156	1.1263	1.97407	2.7908	0.00525778
15	31256259	rs377546951	A	G	G	0.00394737	ADD	760	2.67967	0.926528	0.435933	16.4719	1.06386	0.287393
15	31256495	rs4779854	C	T	C	0.260647	ADD	587	1.44791	0.143822	1.09224	1.91938	2.57345	0.0100689
15	31256793	rs75905933	G	T	T	0.0227577	ADD	747	3.01183	0.372653	1.45087	6.25221	2.95865	0.00308994
15	31256914	rs11632955	T	C	T	0.223917	ADD	623	1.3188	0.147878	0.986973	1.76219	1.87129	0.0613049
15	31259935	rs12914278	A	G	A	0.321186	ADD	590	1.30754	0.137889	0.997895	1.71328	1.94468	0.0518129
15	31260110	rs75891547	T	C	C	0.0183424	ADD	736	3.13661	0.42001	1.37704	7.14452	2.7217	0.00649472
15	31260993	rs144911094	T	C	C	0.00131062	ADD	763	2.28651	1.42398	0.140306	37.2624	0.580785	0.561386
15	31261929	rs35628501	C	CT	C	0.145946	ADD	740	1.28207	0.162335	0.932681	1.76235	1.53065	0.125855
15	31262550	rs7171551	G	C	G	0.271104	ADD	616	1.41587	0.137404	1.08159	1.85345	2.53081	0.0113801
15	31262656	rs548347440	T	C	C	0.00131234	ADD	762	1.84048	1.43678	0.11014	30.7552	0.424582	0.671142
15	31263123	rs7172576	G	T	G	0.222787	ADD	689	1.3731	0.140816	1.04193	1.80953	2.25168	0.0243424
15	31263598	rs10083688	G	C	C	0.2118	ADD	661	1.23438	0.144936	0.929136	1.63991	1.45284	0.146267
15	31263614	rs80220087	G	A	A	0.0489276	ADD	746	0.96036	0.260695	0.576143	1.6008	-0.155151	0.876702
15	31263758	rs8039480	C	T	C	0.3864	ADD	625	1.32111	0.125138	1.03376	1.68832	2.22531	0.0260608
15	31263893	rs6493555	T	C	T	0.147682	ADD	755	1.26422	0.157533	0.928391	1.72154	1.4883	0.136672
15	31263947	rs6493556	C	T	C	0.382677	ADD	635	1.35602	0.124665	1.06206	1.73133	2.44297	0.0145671
15	31264520	rs138780850	G	C	C	0.00131062	ADD	763	2.28651	1.42398	0.140306	37.2624	0.580785	0.561386
15	31264538	rs1076022	C	T	T	0.0666667	ADD	720	1.25433	0.222811	0.810501	1.94119	1.017	0.309151
15	31264773	rs573187955	C	T	T	0.00131234	ADD	762	1.84048	1.43678	0.11014	30.7552	0.424582	0.671142
15	31265198	rs746083	G	A	A	0.211877	ADD	682	1.17194	0.143456	0.884695	1.55243	1.10596	0.268744
15	31265291	rs11631372	G	A	A	0.00531208	ADD	753	1.85478	0.784051	0.398939	8.62339	0.787915	0.430746
15	31265378	rs2879262	A	G	A	0.144476	ADD	706	1.27016	0.163289	0.92229	1.74925	1.46455	0.143043
15	31265594	rs111903959	C	T	T	0.140303	ADD	727	1.10326	0.161872	0.803323	1.51517	0.607054	0.543815
15	31265628	rs35191607	A	G	G	0.000655308	ADD	763	13.4445	1.67767	0.501773	360.23	1.54891	0.121402
15	31265699	rs554668804	G	A	A	0.00131062	ADD	763	12.673	1.57517	0.578216	277.758	1.61219	0.106921
15	31266203	rs74448364	C	G	G	0.164483	ADD	687	1.31544	0.154133	0.972462	1.77938	1.7788	0.0752731
15	31266235	rs547954017	G	A	A	0.000655308	ADD	763	7.685	1.63845	0.309736	190.676	1.24463	0.213267
15	31267101	rs4779855	G	T	G	0.147973	ADD	740	1.28609	0.160626	0.938745	1.76197	1.56643	0.117248
15	31267121	rs4779513	C	T	C	0.154714	ADD	753	1.37154	0.156759	1.00873	1.86485	2.01543	0.0438593
15	31267326	rs12439686	T	C	C	0.0519126	ADD	732	0.974936	0.257458	0.58861	1.61482	-0.0985918	0.921462
15	31268001	rs76926658	C	T	T	0.0230263	ADD	760	1.36805	0.34808	0.691536	2.70637	0.900323	0.367948
15	31268438	rs1869898	G	A	G	0.38331	ADD	707	0.941005	0.121119	0.742157	1.19313	-0.502041	0.615639
15	31268581	rs78959602	A	G	G	0.0441379	ADD	725	1.09646	0.274015	0.640843	1.87601	0.336069	0.736819
15	31268598	rs76991098	T	A	A	0.0446549	ADD	739	1.05688	0.271985	0.620171	1.8011	0.203392	0.838828
15	31269694	rs77436390	C	T	T	0.0452055	ADD	730	0.894508	0.274826	0.521978	1.53291	-0.405643	0.685005
15	31269704	rs543795960	T	C	C	0.00330251	ADD	757	4.58741	1.0066	0.637893	32.9904	1.51333	0.130197
15	31269801	rs11856086	A	G	G	0.0505992	ADD	751	1.12263	0.254212	0.682105	1.84766	0.455032	0.649087
15	31270033	rs149835677	C	T	T	0.0295302	ADD	745	1.10321	0.329038	0.578871	2.10251	0.298529	0.765299
15	31270928	rs11070896	C	G	G	0.0586207	ADD	725	1.05	0.245673	0.648741	1.69944	0.198586	0.842586
15	31271063	rs9672551	C	A	A	0.113514	ADD	740	0.953534	0.181232	0.668454	1.36019	-0.262536	0.792908
15	31271662	rs1869899	T	C	C	0.114384	ADD	730	0.938561	0.181929	0.657058	1.34067	-0.348529	0.727443
15	31272161	rs34315032	C	T	T	0.05625	ADD	720	1.06517	0.250513	0.651899	1.74042	0.252007	0.801036
15	31274468	rs58028933	G	A	A	0.037234	ADD	752	1.04699	0.288845	0.594397	1.8442	0.158972	0.873691
15	31274809	rs61324618	A	G	G	0.0439783	ADD	739	0.914209	0.27775	0.530425	1.57568	-0.322937	0.746743
15	31274815	rs55968871	G	A	A	0.0413279	ADD	738	0.945804	0.284273	0.541786	1.65111	-0.196007	0.844605
15	31275037	rs57940909	T	C	C	0.0439783	ADD	739	0.914209	0.27775	0.530425	1.57568	-0.322937	0.746743
15	31275038	rs59801690	G	A	A	0.0439783	ADD	739	0.914209	0.27775	0.530425	1.57568	-0.322937	0.746743
15	31275183	rs59681925	T	C	C	0.0413279	ADD	738	0.945804	0.284273	0.541786	1.65111	-0.196007	0.844605
15	31275888	rs114652388	G	T	T	0.00131234	ADD	762	0.454922	1.56123	0.0213313	9.70189	-0.504493	0.613915
15	31276434	rs56052635	G	A	A	0.0382586	ADD	758	1.00284	0.286487	0.571969	1.75828	0.00989398	0.992106
15	31276901	rs146089365	T	C	C	0.0382082	ADD	759	1.00993	0.286661	0.575817	1.77132	0.0344613	0.972509
15	31277299	rs117069811	C	T	T	0.00721785	ADD	762	0.225981	1.06949	0.0277791	1.83833	-1.39067	0.164327
15	31278622	rs148199567	G	T	T	0.00131234	ADD	762	1.84048	1.43678	0.11014	30.7552	0.424582	0.671142
15	31278932	rs142955801	G	A	A	0.00592885	ADD	759	1.04907	0.725805	0.252928	4.35121	0.0659986	0.947379
15	31280630	rs73381204	A	G	G	0.0887324	ADD	710	0.896956	0.203335	0.602132	1.33614	-0.534822	0.592773
15	31280724	rs117029389	C	T	T	0.0381078	ADD	761	1.00766	0.286536	0.574665	1.76691	0.0266376	0.978749
15	31280773	rs7174166	G	A	A	0.041272	ADD	739	0.921862	0.283601	0.528766	1.60719	-0.286882	0.774203
15	31280829	rs117931328	A	G	G	0.0387139	ADD	762	1.05523	0.282607	0.606446	1.83613	0.190232	0.849128
15	31280991	rs78083135	T	C	C	0.0382082	ADD	759	1.00993	0.286661	0.575817	1.77132	0.0344613	0.972509
15	31281363	rs117659389	C	T	T	0.0381078	ADD	761	1.00766	0.286536	0.574665	1.76691	0.0266376	0.978749
15	31281364	rs74013349	A	G	G	0.040721	ADD	749	0.931856	0.283601	0.534499	1.62461	-0.248862	0.803468
15	31281437	rs74598270	G	A	A	0.016469	ADD	759	0.391948	0.564084	0.129742	1.18407	-1.66044	0.0968266
15	31281758	rs80056430	C	A	A	0.0406667	ADD	750	0.93376	0.283592	0.535601	1.6279	-0.241671	0.809035
15	31283338	rs116639841	T	C	C	0.0202429	ADD	741	1.19361	0.395484	0.549827	2.59119	0.447508	0.654508
15	31283858	rs371816871	CA	C	C	0.0176391	ADD	737	1.54057	0.413761	0.684678	3.46636	1.04444	0.29628
15	31283886	rs117943709	C	T	T	0.0176391	ADD	737	1.54057	0.413761	0.684678	3.46636	1.04444	0.29628
15	31284474	rs12323980	T	C	C	0.0666189	ADD	698	1.1257	0.23163	0.714924	1.7725	0.51119	0.609218
15	31285818	rs117886600	G	T	T	0.0165125	ADD	757	0.390244	0.563993	0.129201	1.17871	-1.66843	0.0952306
15	31287628	rs75870047	T	C	C	0.0176391	ADD	737	1.54057	0.413761	0.684678	3.46636	1.04444	0.29628
15	31287697	rs572145908	CCAGTGAATAGGAA	C	C	0.00131406	ADD	761	0.455086	1.56122	0.0213392	9.70533	-0.504263	0.614076
15	31288545	rs143199084	G	A	A	0.0474898	ADD	737	1.00701	0.262526	0.601964	1.6846	0.0266035	0.978776
15	31288705	rs150445382	G	A	A	0.0474898	ADD	737	1.00701	0.262526	0.601964	1.6846	0.0266035	0.978776
15	31288737	rs1836929	A	T	T	0.0165125	ADD	757	0.390244	0.563993	0.129201	1.17871	-1.66843	0.0952306
15	31290012	rs144756019	A	AT	AT	0.044898	ADD	735	0.946101	0.271743	0.55543	1.61156	-0.203891	0.838439
15	31294752	rs182244069	C	T	T	0.00131062	ADD	763	1.31645	1.43477	0.079091	21.912	0.191627	0.848035
15	31295359	rs28451043	A	T	T	0.0449591	ADD	734	0.944481	0.271323	0.554936	1.60747	-0.210522	0.83326
15	31296055	rs77987193	C	G	G	0.0450205	ADD	733	0.942301	0.271347	0.553629	1.60384	-0.219019	0.826635
15	31297119	rs74742830	G	T	T	0.00265252	ADD	754	37.7607	1.42872	2.29566	621.115	2.54162	0.0110341
15	31297581	rs2068200	G	A	A	0.326667	ADD	525	0.973472	0.142103	0.736826	1.28612	-0.189199	0.849937
15	31297767	rs11070914	A	G	A	0.2567	ADD	709	0.91505	0.134483	0.703029	1.19101	-0.660132	0.509169
15	31298188	rs2338806	G	A	G	0.145631	ADD	618	0.93506	0.178027	0.659633	1.32549	-0.377161	0.706054
15	31299046	rs148282046	A	G	G	0.00531915	ADD	752	1.1734	0.745445	0.272221	5.0579	0.21451	0.830149
15	31300866	rs71474654	A	G	G	0.013089	ADD	764	1.22146	0.48731	0.469982	3.17452	0.410515	0.681428
15	31302477	rs2053212	C	T	T	0.0509383	ADD	746	1.10433	0.260805	0.662372	1.84118	0.380512	0.703565
15	31306498	.	C	T	T	0.000655308	ADD	763	0.439807	1.6397	0.0176826	10.939	-0.500957	0.616402
15	31306583	rs572261084	T	C	C	0.00131062	ADD	763	0.30215	1.55685	0.01429	6.38874	-0.768752	0.442041
15	31307298	rs12439925	C	T	C	0.475738	ADD	474	1.16258	0.143636	0.877322	1.54059	1.04877	0.294285
15	31308389	rs150267365	G	A	A	0.0013089	ADD	764	1.8825	1.41804	0.116867	30.3233	0.446106	0.655521
15	31308927	rs79921437	G	A	A	0.126	ADD	750	1.565	0.165404	1.13168	2.16424	2.70783	0.00677251
15	31309884	rs2338701	T	C	T	0.437624	ADD	505	1.11086	0.139425	0.84524	1.45995	0.754051	0.450819
15	31310417	rs12595077	C	A	C	0.453557	ADD	506	1.15419	0.139228	0.878552	1.51631	1.02997	0.303023
15	31310721	rs2879243	G	C	G	0.453557	ADD	506	1.15419	0.139228	0.878552	1.51631	1.02997	0.303023
15	31310861	rs143437641	G	A	A	0.00530504	ADD	754	1.19623	0.747335	0.276493	5.17546	0.239757	0.810519
15	31311427	rs8039367	G	T	G	0.434034	ADD	523	1.13574	0.135903	0.870161	1.48239	0.93661	0.348959
15	31312077	rs12899315	A	G	A	0.434615	ADD	520	1.12992	0.136593	0.86453	1.47678	0.894247	0.37119
15	31312953	rs2004566	T	C	T	0.423664	ADD	524	1.13851	0.136397	0.871434	1.48743	0.951032	0.341588
15	31313244	rs2338700	A	T	A	0.433078	ADD	523	1.12604	0.136324	0.862013	1.47093	0.870753	0.383889
15	31313599	rs12913700	T	G	G	0.00921053	ADD	760	0.876407	0.611211	0.26451	2.90382	-0.21584	0.829112
15	31314384	rs76716196	T	C	C	0.00527009	ADD	759	1.84328	0.727579	0.442868	7.67196	0.840519	0.400617
15	31314388	rs11070922	G	C	G	0.434034	ADD	523	1.13574	0.135903	0.870161	1.48239	0.93661	0.348959
15	31314563	rs71474655	C	T	T	0.0209459	ADD	740	1.17575	0.399207	0.537661	2.5711	0.405564	0.685063
15	31314912	rs4779858	C	T	C	0.429868	ADD	606	1.15743	0.12411	0.907511	1.47617	1.178	0.238797
15	31314957	rs4779859	T	A	T	0.42916	ADD	607	1.14205	0.123818	0.895964	1.45572	1.07274	0.283388
15	31317343	rs7175141	G	T	G	0.433824	ADD	612	1.1436	0.123209	0.898251	1.45596	1.08904	0.276136
15	31317687	rs1465779	C	T	T	0.0898204	ADD	668	0.60909	0.224652	0.392155	0.946033	-2.20691	0.0273201
15	31317859	rs564667566	C	T	T	0.00131062	ADD	763	1.31645	1.43477	0.079091	21.912	0.191627	0.848035
15	31317911	rs11070938	G	A	G	0.429984	ADD	607	1.15657	0.123673	0.907615	1.47381	1.17616	0.239531
15	31319383	rs11636159	C	G	G	0.228487	ADD	674	1.72328	0.143191	1.30158	2.2816	3.80072	0.000144278
15	31319533	rs34518136	T	C	C	0.0201342	ADD	745	1.48219	0.394717	0.683788	3.21284	0.996976	0.318776
15	31319838	rs11636034	G	T	T	0.228487	ADD	674	1.72328	0.143191	1.30158	2.2816	3.80072	0.000144278
15	31319969	rs535058293	A	G	G	0.000655308	ADD	763	0.439807	1.6397	0.0176826	10.939	-0.500957	0.616402
15	31320434	rs79049110	G	A	A	0.0197628	ADD	759	0.893022	0.405279	0.403541	1.97622	-0.279176	0.78011
15	31320798	rs75089025	G	A	A	0.00922266	ADD	759	0.433568	0.779719	0.0940502	1.99874	-1.0718	0.283808
15	31322538	rs11630449	C	T	C	0.184211	ADD	722	0.66852	0.157264	0.491192	0.909867	-2.56059	0.0104495
15	31322972	rs34401787	G	A	A	0.0206943	ADD	749	1.59299	0.386461	0.746888	3.39757	1.2048	0.228279
15	31323466	rs11070943	T	C	T	0.179487	ADD	702	0.668319	0.160459	0.487979	0.915306	-2.51149	0.0120223
15	31324333	rs138732482	C	T	T	0.00459921	ADD	761	1.43209	0.783163	0.308561	6.64662	0.458572	0.646542
15	31325585	rs6493604	A	C	A	0.177143	ADD	700	0.690276	0.161338	0.503142	0.947009	-2.29743	0.0215941
15	31326034	rs111960531	C	T	T	0.0891239	ADD	662	0.673817	0.222221	0.4359	1.04159	-1.7766	0.0756348
15	31326387	rs80177425	G	A	A	0.249658	ADD	731	1.79183	0.133996	1.37797	2.32999	4.35267	1.34492e-05
15	31326456	rs74409869	G	A	A	0.249315	ADD	730	1.78346	0.134036	1.37142	2.31929	4.31641	1.5859e-05
15	31327404	rs11537749	G	A	A	0.249658	ADD	731	1.79183	0.133996	1.37797	2.32999	4.35267	1.34492e-05
15	31328341	rs72722811	C	T	T	0.00592105	ADD	760	0.999567	0.721428	0.24307	4.11047	-0.000600907	0.999521
15	31328582	rs34784107	C	T	C	0.449841	ADD	628	1.2305	0.122098	0.968619	1.5632	1.69883	0.0893513
15	31329118	rs1465778	T	C	C	0.25171	ADD	731	1.75006	0.133296	1.3477	2.27256	4.19856	2.68613e-05
15	31329430	rs190098233	C	T	T	0.251026	ADD	731	1.76146	0.133326	1.35639	2.28749	4.24632	2.17306e-05
15	31329431	rs59569306	T	C	C	0.251366	ADD	732	1.76982	0.133265	1.36299	2.29807	4.28374	1.83774e-05
15	31329782	rs12439534	C	A	C	0.449841	ADD	628	1.2305	0.122098	0.968619	1.5632	1.69883	0.0893513
15	31329914	rs180829627	T	G	G	0.0066313	ADD	754	0.949717	0.715059	0.233849	3.85703	-0.0721503	0.942482
15	31330771	rs61036010	G	A	A	0.250685	ADD	730	1.76735	0.133379	1.36078	2.29538	4.26963	1.95799e-05
15	31331108	rs113293258	C	T	T	0.0282885	ADD	707	0.933204	0.345429	0.474184	1.83657	-0.200132	0.841377
15	31331429	rs79562880	T	C	C	0.0282087	ADD	709	0.938149	0.345374	0.476748	1.8461	-0.184861	0.853338
15	31331526	rs142696163	T	TG	TG	0.249315	ADD	730	1.79796	0.134054	1.38253	2.33823	4.37627	1.20729e-05
15	31332302	rs34693358	C	A	A	0.238331	ADD	707	1.80496	0.136277	1.38188	2.35759	4.33338	1.4684e-05
15	31332504	rs4605124	T	C	C	0.19864	ADD	662	1.67352	0.151528	1.24351	2.25223	3.39825	0.000678173
15	31332837	rs4779516	T	C	T	0.446486	ADD	626	1.24581	0.122647	0.979611	1.58434	1.792	0.0731322
15	31333129	rs58566807	A	G	G	0.244729	ADD	664	2.01783	0.140888	1.53095	2.65955	4.98284	6.26577e-07
15	31333952	rs56234722	TG	T	T	0.243551	ADD	659	1.99337	0.141998	1.50911	2.63304	4.85801	1.18572e-06
15	31334680	rs182262260	G	A	A	0.00262467	ADD	762	2.01397	1.03752	0.263581	15.3883	0.67479	0.499809
15	31336855	rs66501706	G	A	A	0.0442536	ADD	757	0.835853	0.272566	0.489916	1.42606	-0.657831	0.510647
15	31337095	rs9920754	A	G	G	0.252778	ADD	540	1.69714	0.153997	1.25498	2.2951	3.43477	0.000593055
15	31338149	rs4779861	C	T	T	0.345329	ADD	653	1.75495	0.129789	1.36078	2.26329	4.33349	1.46764e-05
15	31339066	rs59048973	C	A	A	0.0904335	ADD	669	0.452382	0.240882	0.282141	0.725344	-3.29302	0.000991175
15	31340603	rs8027539	A	G	G	0.390521	ADD	749	1.80807	0.115987	1.44042	2.26957	5.1063	3.28531e-07
15	31340958	rs4779862	T	C	C	0.392144	ADD	751	1.78502	0.115457	1.42353	2.2383	5.01858	5.20537e-07
15	31341989	rs71474656	C	T	T	0.0139257	ADD	754	1.01117	0.481485	0.393537	2.59817	0.0230801	0.981586
15	31342540	rs12439853	G	A	A	0.051114	ADD	763	0.903879	0.244471	0.559779	1.4595	-0.413381	0.679327
15	31343984	rs76500275	C	T	T	0.0217966	ADD	757	0.844764	0.400108	0.385622	1.85058	-0.421631	0.673294
15	31344139	rs10851532	C	G	C	0.101372	ADD	656	0.474912	0.226154	0.304867	0.739803	-3.29256	0.000992792
15	31344221	rs4779517	C	G	G	0.492	ADD	625	1.56729	0.125152	1.22636	2.00299	3.59041	0.000330161
15	31344472	rs4779863	C	G	G	0.492	ADD	625	1.56729	0.125152	1.22636	2.00299	3.59041	0.000330161
15	31344844	rs4779864	G	A	A	0.489533	ADD	621	1.5785	0.125252	1.23489	2.01771	3.64445	0.00026796
15	31345366	rs28510484	G	C	C	0.10597	ADD	670	1.01392	0.18728	0.702408	1.46358	0.073797	0.941172
15	31345463	rs28624578	T	C	C	0.10597	ADD	670	1.01392	0.18728	0.702408	1.46358	0.073797	0.941172
15	31345634	rs755282	C	T	T	0.496743	ADD	614	1.58702	0.126302	1.23901	2.03279	3.6568	0.00025538
15	31345793	rs7174211	G	A	A	0.343478	ADD	575	0.869697	0.135085	0.667396	1.13332	-1.0335	0.301371
15	31346429	rs72722828	C	G	G	0.358824	ADD	680	1.73872	0.124813	1.36141	2.2206	4.43182	9.34391e-06
15	31346475	rs551744307	A	G	G	0.000655308	ADD	763	0.929042	1.63867	0.0374283	23.0606	-0.0449152	0.964175
15	31346503	rs893065	G	T	T	0.0962687	ADD	670	0.485886	0.229958	0.309595	0.762561	-3.13876	0.00169664
15	31346911	rs72722829	G	A	A	0.0503927	ADD	764	0.918245	0.248281	0.564445	1.49381	-0.343525	0.731204
15	31348049	rs2241779	A	C	A	0.472834	ADD	681	0.568831	0.120317	0.449334	0.720107	-4.68905	2.74472e-06
15	31349042	rs28633674	A	G	A	0.472834	ADD	681	0.568831	0.120456	0.449212	0.720303	-4.68365	2.81812e-06
15	31349302	rs116938310	C	G	G	0.0137795	ADD	762	0.539259	0.558556	0.180449	1.61154	-1.10563	0.268885
15	31349430	rs16956707	G	A	A	0.0503927	ADD	764	0.918245	0.248281	0.564445	1.49381	-0.343525	0.731204
15	31349470	rs28690785	C	G	G	0.106932	ADD	678	1.01105	0.186359	0.701685	1.4568	0.0589519	0.95299
15	31349519	rs4779518	G	A	G	0.472874	ADD	682	0.56977	0.12034	0.450056	0.721328	-4.67446	2.94732e-06
15	31350313	rs144920947	T	TG	TG	0.00328084	ADD	762	1.44124	0.946402	0.225506	9.21117	0.386203	0.699346
15	31350315	rs180836838	C	T	T	0.0137795	ADD	762	0.539259	0.558556	0.180449	1.61154	-1.10563	0.268885
15	31350331	rs11857440	G	A	A	0.320635	ADD	630	0.732301	0.133099	0.564151	0.950569	-2.34084	0.0192405
15	31350786	rs3803554	T	C	C	0.319777	ADD	627	0.737761	0.133959	0.5674	0.959272	-2.27036	0.0231857
15	31351466	rs113971544	CTGGTCTGAG	C	C	0.320127	ADD	631	0.732732	0.133523	0.564015	0.951919	-2.329	0.0198588
15	31351793	rs5811637	TG	T	TG	0.472953	ADD	684	0.569061	0.120214	0.449606	0.720253	-4.68969	2.73613e-06
15	31351941	rs1961706	G	C	G	0.472953	ADD	684	0.569061	0.120214	0.449606	0.720253	-4.68969	2.73613e-06
15	31352729	rs1807100	G	C	G	0.472953	ADD	684	0.569061	0.120214	0.449606	0.720253	-4.68969	2.73613e-06
15	31352858	rs2003979	C	A	C	0.100151	ADD	664	0.481664	0.227941	0.308121	0.752954	-3.20481	0.00135151
15	31352953	rs2003980	C	T	T	0.0962963	ADD	675	0.49018	0.22946	0.312636	0.76855	-3.10722	0.00188856
15	31353426	rs5811639	T	TG	T	0.100151	ADD	664	0.481664	0.227941	0.308121	0.752954	-3.20481	0.00135151
15	31353658	rs34901570	T	A	A	0.174797	ADD	615	0.660714	0.172309	0.47135	0.926153	-2.40519	0.0161641
15	31354066	rs12592176	G	A	G	0.472263	ADD	685	0.564691	0.120064	0.446284	0.714512	-4.75975	1.93828e-06
15	31354581	rs8036370	C	T	T	0.315166	ADD	633	0.71386	0.1357	0.547148	0.931367	-2.48393	0.0129942
15	31354755	rs28490143	T	C	T	0.465565	ADD	726	0.56569	0.117347	0.449461	0.711974	-4.85492	1.20438e-06
15	31354913	rs8036899	C	A	C	0.465565	ADD	726	0.56569	0.117347	0.449461	0.711974	-4.85492	1.20438e-06
15	31355016	rs4779865	G	A	G	0.105339	ADD	693	0.458953	0.219871	0.298273	0.706192	-3.54211	0.000396937
15	31355154	rs72722833	G	A	A	0.00592105	ADD	760	0.999567	0.721428	0.24307	4.11047	-0.000600907	0.999521
15	31355440	rs149518101	G	T	T	0.0113333	ADD	750	2.87573	0.477679	1.12758	7.33414	2.21133	0.0270129
15	31355512	rs13329369	C	T	C	0.465565	ADD	726	0.56569	0.117347	0.449461	0.711974	-4.85492	1.20438e-06
15	31355519	rs56150535	C	T	T	0.393059	ADD	706	1.77044	0.120069	1.3992	2.24019	4.75749	1.96014e-06
15	31355697	rs13329095	A	C	A	0.465565	ADD	726	0.56569	0.117347	0.449461	0.711974	-4.85492	1.20438e-06
15	31357673	rs34863963	C	T	T	0.00658762	ADD	759	1.32824	0.663287	0.36198	4.87379	0.427949	0.668688
15	31357685	rs12437749	C	T	T	0.0503927	ADD	764	0.918245	0.248281	0.564445	1.49381	-0.343525	0.731204
15	31358122	rs78178305	G	C	C	0.102453	ADD	693	0.512106	0.216471	0.335042	0.782745	-3.09152	0.00199137
15	31358822	rs7168479	C	T	C	0.104769	ADD	692	0.463203	0.219927	0.301002	0.71281	-3.49929	0.000466492
15	31358865	rs7174079	T	C	T	0.462759	ADD	725	0.55984	0.118044	0.444206	0.705576	-4.91429	8.91038e-07
15	31358892	rs12905107	G	A	A	0.253776	ADD	662	0.755572	0.14462	0.569082	1.00318	-1.93804	0.0526183
15	31359113	rs7169662	A	G	A	0.461853	ADD	734	0.573353	0.116436	0.456364	0.720332	-4.77732	1.77644e-06
15	31359515	rs12439239	G	A	A	0.0503927	ADD	764	0.918245	0.248281	0.564445	1.49381	-0.343525	0.731204
15	31359593	rs12592541	G	A	G	0.459778	ADD	721	0.566503	0.118241	0.449319	0.714248	-4.80607	1.53929e-06
15	31360032	rs28705115	G	A	G	0.464973	ADD	728	0.570949	0.116916	0.454023	0.717987	-4.79365	1.6377e-06
15	31360580	rs4779867	G	C	C	0.102305	ADD	694	0.49013	0.21908	0.319029	0.752997	-3.2549	0.00113433
15	31360792	rs12915988	G	C	C	0.255287	ADD	662	0.731116	0.145422	0.549797	0.972232	-2.15361	0.0312706
15	31360812	rs191361261	C	G	G	0.00131062	ADD	763	0.460247	1.56123	0.0215808	9.81555	-0.497038	0.619162
15	31360994	rs576029448	G	A	A	0.00331565	ADD	754	2.78256	0.922705	0.456075	16.9767	1.1091	0.267387
15	31361363	rs7169681	T	C	T	0.105339	ADD	693	0.459986	0.219845	0.29896	0.707745	-3.5323	0.000411958
15	31361443	rs62037895	A	G	G	0.117986	ADD	695	1.00302	0.174791	0.712075	1.41283	0.0172325	0.986251
15	31362080	rs4779868	A	G	A	0.464828	ADD	725	0.570646	0.117188	0.45354	0.717988	-4.78706	1.69246e-06
15	31363005	rs8031093	G	A	G	0.0985507	ADD	690	0.508968	0.223516	0.328423	0.788766	-3.02157	0.00251469
15	31363550	rs72722839	G	C	C	0.358209	ADD	670	1.79198	0.128825	1.39212	2.30669	4.52803	5.95359e-06
15	31363643	rs10775153	C	T	C	0.1	ADD	695	0.487882	0.223255	0.314978	0.755701	-3.21463	0.00130613
15	31363931	rs10851538	T	A	T	0.0992806	ADD	695	0.494224	0.223366	0.319002	0.765691	-3.1552	0.00160386
15	31364102	rs67503764	CTG	C	CTG	0.1	ADD	695	0.487882	0.223255	0.314978	0.755701	-3.21463	0.00130613
15	31364135	rs35911773	C	T	T	0.00659631	ADD	758	1.32492	0.663347	0.361034	4.86218	0.42414	0.671464
15	31364351	rs11070980	T	C	C	0.279316	ADD	614	0.773908	0.146567	0.580672	1.03145	-1.7487	0.0803429
15	31364538	rs34331965	C	A	A	0.0139257	ADD	754	1.00265	0.481559	0.390163	2.57664	0.00549608	0.995615
15	31365011	rs7167525	T	C	T	0.0958213	ADD	694	0.533666	0.222969	0.344729	0.826154	-2.81647	0.00485548
15	31365045	rs6493623	C	A	C	0.099564	ADD	688	0.496679	0.223733	0.320357	0.770047	-3.12789	0.00176066
15	31365370	rs117135376	C	T	T	0.0125495	ADD	757	0.640171	0.560549	0.213381	1.92059	-0.795685	0.426215
15	31366763	rs181755399	G	A	A	0.00131062	ADD	763	0.502387	1.5687	0.0232144	10.8722	-0.438825	0.660788
15	31367332	rs149489805	G	A	A	0.0019685	ADD	762	0.389766	1.52516	0.0196149	7.74499	-0.617778	0.536721
15	31368035	rs4081975	G	C	G	0.118441	ADD	667	0.666401	0.19714	0.452824	0.980713	-2.05876	0.0395176
15	31368158	rs77240922	G	A	A	0.0125495	ADD	757	0.639152	0.560689	0.212983	1.91807	-0.798327	0.424681
15	31368596	rs28562483	G	T	T	0.101852	ADD	648	0.992691	0.193203	0.679766	1.44967	-0.0379694	0.969712
15	31369245	rs187848235	A	G	G	0.00131234	ADD	762	0.297244	1.55845	0.0140139	6.30471	-0.778469	0.436292
15	31369438	rs6493627	C	T	T	0.424927	ADD	686	0.760894	0.120097	0.601308	0.962833	-2.27534	0.0228858
15	31370354	rs574077210	T	C	C	0.00262467	ADD	762	0.175462	1.4956	0.00935684	3.29032	-1.16364	0.244571
15	31370425	rs550965765	C	CT	CT	0.0528402	ADD	757	0.875465	0.244621	0.542022	1.41404	-0.543698	0.586649
15	31371165	rs8027784	C	G	G	0.494236	ADD	694	0.703985	0.118409	0.558179	0.887878	-2.96428	0.00303389
15	31371239	rs4779519	G	A	A	0.35129	ADD	659	1.8266	0.1273	1.42326	2.34423	4.73257	2.21698e-06
15	31371496	rs76591360	C	T	T	0.0396301	ADD	757	0.685141	0.304915	0.376909	1.24544	-1.24012	0.214932
15	31373240	rs4779520	C	T	C	0.420027	ADD	744	0.749309	0.11524	0.597818	0.93919	-2.50437	0.0122669
15	31374685	rs541589620	T	G	G	0.00262467	ADD	762	0.254976	1.49464	0.0136225	4.77247	-0.914321	0.360548
15	31375593	rs6493629	C	T	C	0.419619	ADD	734	0.74521	0.116374	0.593227	0.93613	-2.52711	0.0115005
15	31376034	rs578144685	A	AT	AT	0.00262467	ADD	762	1.5233	1.01707	0.207516	11.182	0.413812	0.679011
15	31376112	rs186912141	G	A	A	0.00131062	ADD	763	0.502387	1.5687	0.0232144	10.8722	-0.438825	0.660788
15	31376305	rs113830958	C	CCTGA	C	0.420833	ADD	720	0.719519	0.117587	0.571415	0.906009	-2.7994	0.00511985
15	31376491	rs11537748	A	G	G	0.426016	ADD	615	1.48775	0.128631	1.15621	1.91434	3.0884	0.00201239
15	31376503	rs12595641	G	A	A	0.113426	ADD	648	0.937448	0.192839	0.642395	1.36802	-0.334965	0.737651
15	31377308	rs76540216	T	TAG	TAG	0.302977	ADD	571	1.72782	0.140996	1.31064	2.27779	3.87856	0.000105079
15	31378522	rs11855557	G	A	G	0.431587	ADD	687	0.732275	0.120215	0.578558	0.926834	-2.592	0.00954192
15	31378839	rs72722843	C	T	T	0.282468	ADD	616	1.53069	0.138898	1.16589	2.00964	3.06497	0.00217691
15	31379229	rs12437800	A	G	G	0.0510471	ADD	764	0.891408	0.248066	0.54818	1.44954	-0.463396	0.643081
15	31379262	rs9302170	T	A	T	0.489957	ADD	697	0.735121	0.116287	0.585296	0.923299	-2.64621	0.00813984
15	31379925	rs4779521	G	A	G	0.472678	ADD	732	0.710784	0.114313	0.568112	0.889285	-2.98643	0.0028226
15	31379949	rs9672538	A	G	G	0.0525624	ADD	761	0.924111	0.241786	0.575328	1.48434	-0.326418	0.744108
15	31380057	rs188764736	G	A	A	0.00460526	ADD	760	1.4349	0.783147	0.309175	6.65942	0.461079	0.644742
15	31380064	rs34187857	G	A	G	0.466527	ADD	717	0.704635	0.116163	0.561159	0.884794	-3.01366	0.00258113
15	31380263	rs34330873	G	T	G	0.468619	ADD	717	0.695836	0.116331	0.553969	0.874033	-3.11733	0.001825
15	31380377	rs8033248	C	T	T	0.379658	ADD	644	0.736288	0.126201	0.574944	0.942909	-2.42578	0.0152757
15	31380427	rs537012802	G	A	A	0.00262123	ADD	763	0.555748	1.18507	0.0544682	5.6704	-0.495699	0.620107
15	31380744	rs8034505	A	G	G	0.385802	ADD	648	0.74388	0.125035	0.582202	0.950457	-2.36635	0.0179645
15	31380791	rs117669569	G	A	A	0.010582	ADD	756	0.347612	0.756465	0.0789207	1.53108	-1.39685	0.162458
15	31381045	rs7172678	G	A	A	0.0174263	ADD	746	0.977811	0.444223	0.409384	2.33549	-0.0505137	0.959713
15	31381747	rs534442855	T	G	G	0.0013089	ADD	764	8.22102	1.55274	0.391949	172.434	1.35676	0.174858
15	31383250	rs4268714	C	T	C	0.284936	ADD	551	0.856943	0.145811	0.643928	1.14042	-1.0588	0.289693
15	31383649	rs79622589	C	T	T	0.167476	ADD	618	1.09532	0.166311	0.790636	1.51742	0.547447	0.584072
15	31383696	rs111270613	C	T	T	0.157191	ADD	598	1.00137	0.178795	0.705349	1.42162	0.00765029	0.993896
15	31383707	rs8035636	T	C	C	0.0182432	ADD	740	1.31992	0.409649	0.591364	2.94607	0.677589	0.498032
15	31383795	rs147193174	G	A	A	0.138211	ADD	615	1.1552	0.180403	0.811142	1.64519	0.799715	0.423876
15	31385303	rs566302556	T	G	G	0.000655308	ADD	763	6.77919	1.64241	0.271117	169.511	1.16528	0.243908
15	31385572	rs9672214	A	T	T	0.051114	ADD	763	0.889682	0.24807	0.547113	1.44675	-0.471201	0.637497
15	31386182	rs56396205	G	A	A	0.051114	ADD	763	0.889682	0.24807	0.547113	1.44675	-0.471201	0.637497
15	31386439	rs140548487	C	T	T	0.00528402	ADD	757	0.417263	1.08903	0.0493657	3.5269	-0.802585	0.422214
15	31386447	rs4779522	C	T	T	0.221405	ADD	612	1.02569	0.14597	0.770492	1.36542	0.173793	0.862028
15	31386660	rs533386351	A	C	C	0.0013089	ADD	764	8.22102	1.55274	0.391949	172.434	1.35676	0.174858
15	31387267	rs4779523	T	A	A	0.289116	ADD	588	0.906652	0.137916	0.691904	1.18805	-0.710553	0.477361
15	31387468	rs144411939	C	CA	CA	0.051114	ADD	763	0.889682	0.24807	0.547113	1.44675	-0.471201	0.637497
15	31387813	rs8042404	G	A	A	0.289474	ADD	589	0.905732	0.137938	0.691173	1.1869	-0.717797	0.472882
15	31388242	rs12438318	G	A	A	0.051114	ADD	763	0.889682	0.24807	0.547113	1.44675	-0.471201	0.637497
15	31388257	rs143183553	T	C	C	0.00197628	ADD	759	3.375	1.23416	0.300438	37.9132	0.985606	0.324327
15	31388618	rs28587873	A	G	G	0.00131406	ADD	761	0.301471	1.55318	0.0143607	6.32869	-0.772018	0.440104
15	31389759	rs11639133	T	G	T	0.364937	ADD	559	0.812514	0.134157	0.62465	1.05688	-1.5476	0.121718
15	31389827	rs4450360	G	A	A	0.051114	ADD	763	0.889682	0.24807	0.547113	1.44675	-0.471201	0.637497
15	31390143	rs72722847	C	T	T	0.051114	ADD	763	0.889682	0.24807	0.547113	1.44675	-0.471201	0.637497
15	31390173	rs12912800	A	G	A	0.364528	ADD	561	0.81171	0.134187	0.623995	1.0559	-1.55464	0.120032
15	31390200	rs144833585	G	A	A	0.00328084	ADD	762	7.93686	1.05482	1.00412	62.7354	1.96386	0.0495462
15	31390723	rs34682798	T	A	A	0.0187668	ADD	746	0.992468	0.423452	0.432786	2.27594	-0.0178535	0.985756
15	31391537	rs192627325	G	A	A	0.0511811	ADD	762	0.887131	0.248171	0.545437	1.44288	-0.482581	0.629393
15	31392081	rs12902234	G	C	G	0.340149	ADD	538	0.871588	0.14066	0.661578	1.14826	-0.977099	0.32852
15	31392961	rs71474659	T	G	G	0.0171731	ADD	757	1.32317	0.419602	0.581367	3.0115	0.667374	0.504533
15	31393046	rs7171667	C	T	C	0.374567	ADD	578	0.825161	0.129458	0.640242	1.06349	-1.48447	0.137684
15	31393200	rs10048031	C	T	T	0.232759	ADD	638	0.969111	0.139937	0.736647	1.27493	-0.224218	0.822588
15	31393967	rs547156905	G	A	A	0.0052356	ADD	764	0.69683	0.843371	0.133428	3.6392	-0.428298	0.668434
15	31394124	rs72315214	GA	G	G	0.204475	ADD	648	1.02658	0.146511	0.770343	1.36806	0.179081	0.857874
15	31395064	rs10851544	C	T	C	0.373921	ADD	579	0.823711	0.129194	0.639446	1.06107	-1.50112	0.133325
15	31395082	rs541262493	C	T	T	0.00131062	ADD	763	1.31645	1.43477	0.079091	21.912	0.191627	0.848035
15	31395275	rs10851545	C	T	C	0.34161	ADD	584	0.858674	0.131406	0.663706	1.11092	-1.15951	0.24625
15	31395684	rs11631345	C	T	C	0.373921	ADD	579	0.823711	0.129194	0.639446	1.06107	-1.50112	0.133325
15	31395722	rs35799005	A	G	G	0.0171958	ADD	756	1.32023	0.419541	0.580146	3.00445	0.662173	0.50786
15	31396495	rs4613031	C	T	C	0.34161	ADD	584	0.858674	0.131406	0.663706	1.11092	-1.15951	0.24625
15	31397340	rs12441543	G	A	A	0.292645	ADD	639	0.932316	0.130951	0.721269	1.20512	-0.53519	0.592519
15	31397481	rs11636300	G	A	G	0.371575	ADD	584	0.825337	0.128582	0.641478	1.06189	-1.49292	0.135459
15	31398179	rs117962779	C	T	T	0.00596026	ADD	755	1.00581	0.720033	0.245258	4.12486	0.00804562	0.993581
15	31398827	rs4606678	G	T	G	0.372867	ADD	586	0.840133	0.127933	0.65381	1.07956	-1.36161	0.173321
15	31398904	rs12442724	C	T	T	0.0864662	ADD	665	1.56721	0.207073	1.0444	2.35173	2.16975	0.0300255
15	31399543	rs10459614	C	T	C	0.372867	ADD	586	0.840133	0.127933	0.65381	1.07956	-1.36161	0.173321
15	31400147	rs4779525	C	G	G	0.26682	ADD	654	0.995301	0.132574	0.767552	1.29063	-0.0355266	0.97166
15	31400174	rs34482222	C	T	C	0.372867	ADD	586	0.840133	0.127933	0.65381	1.07956	-1.36161	0.173321
15	31402721	rs534601503	C	T	T	0.0013089	ADD	764	1.95216	1.42114	0.120459	31.6367	0.470705	0.637852
15	31404514	rs6493652	A	C	A	0.331104	ADD	598	0.898905	0.130663	0.695815	1.16127	-0.815673	0.414687
15	31404733	rs12441765	C	T	T	0.263238	ADD	661	0.99867	0.132855	0.769725	1.29571	-0.0100175	0.992007
15	31404798	rs76597340	C	T	T	0.0111257	ADD	764	1.13828	0.525127	0.406687	3.18595	0.246646	0.805182
15	31404805	rs76095003	C	T	T	0.0289474	ADD	760	1.10789	0.322767	0.588512	2.08562	0.317426	0.75092
15	31404872	rs543837812	G	A	A	0.000656168	ADD	762	0.773066	1.64386	0.0308292	19.3852	-0.156577	0.875578
15	31404963	rs80000877	C	A	A	0.0111257	ADD	764	1.13828	0.525127	0.406687	3.18595	0.246646	0.805182
15	31405039	rs8030771	A	G	A	0.364775	ADD	599	0.825169	0.128903	0.640944	1.06234	-1.49079	0.136017
15	31405081	rs75356640	A	G	G	0.026971	ADD	723	0.725656	0.39937	0.331731	1.58736	-0.802963	0.421996
15	31405160	rs117007700	A	T	T	0.0111257	ADD	764	1.13828	0.525127	0.406687	3.18595	0.246646	0.805182
15	31405328	rs7174902	A	G	A	0.339404	ADD	604	0.887448	0.130684	0.686918	1.14652	-0.913692	0.360879
15	31405821	rs62037900	A	G	G	0.236007	ADD	536	1.50769	0.154288	1.11424	2.04005	2.66109	0.00778873
15	31406083	rs117566547	G	A	A	0.0112732	ADD	754	0.819542	0.560245	0.273331	2.45727	-0.35522	0.722425
15	31406203	rs117433062	G	A	A	0.00262123	ADD	763	0.752896	1.16203	0.0771995	7.34269	-0.244253	0.807035
15	31406399	rs139491021	C	T	T	0.0112732	ADD	754	0.819542	0.560245	0.273331	2.45727	-0.35522	0.722425
15	31406916	rs145009694	A	T	T	0.00527009	ADD	759	0.307273	1.07806	0.0371432	2.54196	-1.09458	0.273701
15	31406917	rs142205588	G	T	T	0.00527009	ADD	759	0.307273	1.07806	0.0371432	2.54196	-1.09458	0.273701
15	31407248	rs12148909	T	G	G	0.215875	ADD	674	1.04377	0.141845	0.790437	1.3783	0.302032	0.762627
15	31407430	rs75054812	C	G	G	0.0184175	ADD	733	0.523378	0.511693	0.191983	1.42682	-1.26531	0.205759
15	31407550	rs10152853	A	T	T	0.215875	ADD	674	1.04377	0.141845	0.790437	1.3783	0.302032	0.762627
15	31407819	rs8035633	G	A	G	0.341283	ADD	608	0.895794	0.130167	0.69408	1.15613	-0.845415	0.397879
15	31408945	rs117691038	G	A	A	0.0111257	ADD	764	1.13828	0.525127	0.406687	3.18595	0.246646	0.805182
15	31409206	rs9630424	A	T	T	0.215875	ADD	674	1.04377	0.141845	0.790437	1.3783	0.302032	0.762627
15	31410484	rs12910502	A	T	A	0.360697	ADD	603	0.852211	0.129057	0.66175	1.09749	-1.23916	0.215287
15	31410759	rs12594811	G	A	G	0.367188	ADD	640	0.870323	0.124201	0.682276	1.1102	-1.11827	0.26345
15	31412085	rs72722861	G	A	A	0.0513158	ADD	760	0.892035	0.248038	0.548595	1.45048	-0.460615	0.645075
15	31412621	rs11630067	G	A	G	0.361285	ADD	638	0.882482	0.125249	0.690389	1.12802	-0.998146	0.318209
15	31412844	rs11630485	C	T	C	0.361285	ADD	638	0.882482	0.125249	0.690389	1.12802	-0.998146	0.318209
15	31413480	rs4779526	A	T	T	0.278792	ADD	712	0.991511	0.126769	0.773378	1.27117	-0.0672483	0.946384
15	31413710	rs12438813	C	T	T	0.0512484	ADD	761	0.893395	0.248062	0.549406	1.45276	-0.454428	0.649521
15	31413889	rs549927096	A	G	G	0.000655308	ADD	763	0.749121	1.63912	0.030153	18.6111	-0.176226	0.860117
15	31414532	rs111850736	G	A	A	0.0026455	ADD	756	1.80248	1.01068	0.248642	13.0667	0.582935	0.559937
15	31414533	rs117463593	A	T	T	0.0111257	ADD	764	1.13828	0.525127	0.406687	3.18595	0.246646	0.805182
15	31414773	rs551952580	A	G	G	0.0013089	ADD	764	8.22102	1.55274	0.391949	172.434	1.35676	0.174858
15	31414792	rs571452339	GAAGATCA	G	G	0.00262467	ADD	762	2.01397	1.03752	0.263581	15.3883	0.67479	0.499809
15	31415156	rs75353511	A	G	G	0.0118577	ADD	759	1.3166	0.50174	0.492462	3.51996	0.548204	0.583552
15	31415380	rs4558376	T	C	T	0.343411	ADD	645	0.916776	0.125346	0.717081	1.17208	-0.693216	0.488174
15	31416060	rs8042543	C	T	T	0.23803	ADD	731	0.984585	0.131784	0.760464	1.27476	-0.117883	0.906161
15	31416074	rs8043195	A	G	A	0.361285	ADD	638	0.909888	0.125151	0.711966	1.16283	-0.754556	0.450515
15	31417783	rs142554132	T	A	A	0.0111257	ADD	764	1.13828	0.525127	0.406687	3.18595	0.246646	0.805182
15	31419896	rs184612811	T	G	G	0.00262123	ADD	763	0.555748	1.18507	0.0544684	5.67037	-0.4957	0.620106
15	31419999	rs7165900	C	A	A	0.278481	ADD	711	0.98743	0.126921	0.769965	1.26631	-0.0996657	0.92061
15	31420052	rs71110873	G	GA	G	0.365719	ADD	633	0.860228	0.123942	0.674704	1.09676	-1.21474	0.224465
15	31420795	rs144484964	C	T	T	0.0111402	ADD	763	0.939801	0.55342	0.317661	2.7804	-0.112188	0.910675
15	31421172	rs34533073	TA	T	TA	0.359055	ADD	635	0.897757	0.124628	0.703194	1.14615	-0.865427	0.386805
15	31421352	rs185683155	A	G	G	0.00065445	ADD	764	0.917847	1.63863	0.0369802	22.781	-0.0523148	0.958278
15	31422337	rs146217380	CG	C	C	0.0111257	ADD	764	1.13828	0.525127	0.406687	3.18595	0.246646	0.805182
15	31422680	rs182451406	C	A	A	0.00131234	ADD	762	1.84048	1.43678	0.11014	30.7552	0.424582	0.671142
15	31422804	rs12899540	G	A	G	0.367762	ADD	639	0.883555	0.123594	0.693474	1.12574	-1.00168	0.316499
15	31424288	rs11638964	T	A	T	0.333898	ADD	590	0.958911	0.133361	0.738347	1.24536	-0.314612	0.753056
15	31424678	rs75382305	T	C	C	0.0111257	ADD	764	1.13828	0.525127	0.406687	3.18595	0.246646	0.805182
15	31425309	rs137940271	A	T	T	0.00197109	ADD	761	3.70911	1.2379	0.32777	41.973	1.05888	0.289652
15	31425335	rs546666005	C	A	A	0.00262467	ADD	762	2.01397	1.03752	0.263581	15.3883	0.67479	0.499809
15	31428190	rs4346167	G	A	G	0.354237	ADD	590	0.916772	0.131477	0.708514	1.18625	-0.660926	0.50866
15	31428577	rs8027155	C	T	T	0.264019	ADD	642	1.0316	0.136909	0.788815	1.34911	0.227246	0.820232
15	31428757	rs145453259	C	T	T	0.00725594	ADD	758	0.911332	0.698748	0.231687	3.58469	-0.132878	0.89429
15	31428858	rs75395843	T	C	C	0.0111257	ADD	764	1.13828	0.525127	0.406687	3.18595	0.246646	0.805182
15	31429135	rs201746010	TA	T	T	0.0111257	ADD	764	1.13828	0.525127	0.406687	3.18595	0.246646	0.805182
15	31429138	rs530855756	G	T	T	0.0111257	ADD	764	1.13828	0.525127	0.406687	3.18595	0.246646	0.805182
15	31429141	rs372588318	C	T	T	0.0111257	ADD	764	1.13828	0.525127	0.406687	3.18595	0.246646	0.805182
15	31429448	rs7170922	G	A	G	0.354839	ADD	589	0.92875	0.130827	0.718686	1.20021	-0.56499	0.572081
15	31429976	rs140202019	G	A	A	0.0111257	ADD	764	1.13828	0.525127	0.406687	3.18595	0.246646	0.805182
15	31429996	rs79087789	G	C	C	0.264019	ADD	642	1.0316	0.136909	0.788815	1.34911	0.227246	0.820232
15	31432291	rs77599412	C	T	T	0.0111257	ADD	764	1.13828	0.525127	0.406687	3.18595	0.246646	0.805182
15	31433020	rs34959140	G	A	A	0.0496689	ADD	755	0.928856	0.251905	0.566926	1.52185	-0.292972	0.769543
15	31433572	rs7403010	T	C	C	0.259375	ADD	640	0.995026	0.138805	0.758025	1.30613	-0.0359238	0.971343
15	31433909	rs11634484	T	G	T	0.334477	ADD	583	0.932598	0.135431	0.71518	1.21611	-0.515255	0.606375
15	31433957	rs75975082	C	T	T	0.0111257	ADD	764	1.13828	0.525127	0.406687	3.18595	0.246646	0.805182
15	31434015	rs528014043	C	T	T	0.0013089	ADD	764	1.95216	1.42114	0.120459	31.6367	0.470705	0.637852
15	31434125	rs10083682	A	G	A	0.337607	ADD	585	0.916672	0.134991	0.703573	1.19431	-0.644525	0.519235
15	31434176	rs563770636	C	A	A	0.0026178	ADD	764	2.48588	1.03404	0.327571	18.865	0.880651	0.378507
15	31434229	rs10083664	G	A	G	0.337607	ADD	585	0.916672	0.134991	0.703573	1.19431	-0.644525	0.519235
15	31434541	rs7496920	A	T	A	0.338515	ADD	579	0.917098	0.13536	0.703391	1.19573	-0.639337	0.522604
15	31434621	rs7402977	G	A	A	0.273438	ADD	640	0.970246	0.136625	0.742312	1.26817	-0.221088	0.825024
15	31435807	rs141680752	TAC	T	T	0.0430791	ADD	708	0.754866	0.294008	0.424238	1.34317	-0.956486	0.338827
15	31437274	rs77479869	C	A	A	0.0384615	ADD	702	0.80632	0.304515	0.443919	1.46457	-0.706944	0.479601
15	31437832	rs66794002	G	C	C	0.116279	ADD	645	0.97432	0.186734	0.675699	1.40491	-0.13932	0.889197
15	31438107	rs565784289	G	T	T	0.000655308	ADD	763	0.27328	1.64661	0.0108395	6.88979	-0.787836	0.430793
15	31438239	rs74010640	A	G	G	0.190608	ADD	724	0.854208	0.150446	0.636069	1.14716	-1.04742	0.294905
15	31438888	rs76796583	G	T	T	0.0204082	ADD	735	1.28772	0.381904	0.609179	2.72208	0.662145	0.507878
15	31438975	rs76096729	T	A	A	0.0203804	ADD	736	1.28904	0.38189	0.60982	2.72478	0.664848	0.506148
15	31439049	rs58022476	C	T	T	0.0368421	ADD	760	0.417283	0.363312	0.204729	0.850515	-2.40562	0.0161449
15	31439101	rs74010641	G	A	A	0.0356201	ADD	758	0.443574	0.363877	0.217387	0.905105	-2.23397	0.0254851
15	31439666	rs141910732	G	A	A	0.0324934	ADD	754	0.496892	0.36664	0.242202	1.01941	-1.90754	0.0564503
15	31440062	rs138616576	GTTGTTA	G	G	0.227612	ADD	536	1.41698	0.161265	1.03299	1.94371	2.1612	0.0306795
15	31440486	rs78008070	C	G	G	0.00723684	ADD	760	0.695056	0.693652	0.178477	2.70681	-0.524416	0.599989
15	31440487	rs8038405	G	C	G	0.482692	ADD	520	0.691388	0.141149	0.524294	0.911734	-2.61464	0.00893221
15	31440974	rs11857238	T	C	C	0.163723	ADD	736	1.28628	0.152823	0.953351	1.73548	1.64737	0.0994824
15	31442233	rs4779876	A	G	G	0.168022	ADD	738	1.30459	0.149493	0.973254	1.74873	1.77862	0.0753026
15	31442272	rs146636579	A	AG	AG	0.0196211	ADD	739	1.36679	0.386052	0.641347	2.91279	0.809382	0.418295
15	31442448	rs74537624	C	T	T	0.0106809	ADD	749	3.2155	0.494685	1.21947	8.47861	2.36106	0.0182227
15	31442597	rs74993975	G	A	A	0.0196211	ADD	739	1.36679	0.386052	0.641347	2.91279	0.809382	0.418295
15	31442706	rs76342238	G	T	T	0.0196211	ADD	739	1.36679	0.386052	0.641347	2.91279	0.809382	0.418295
15	31443512	rs72724938	G	T	T	0.0540184	ADD	759	0.921176	0.24147	0.573856	1.47871	-0.340017	0.733844
15	31443827	rs72724939	C	A	A	0.00592105	ADD	760	0.999567	0.721428	0.24307	4.11047	-0.000600907	0.999521
15	31443888	rs4779527	C	T	T	0.141844	ADD	705	1.24492	0.164564	0.901704	1.71877	1.33122	0.183118
15	31444028	rs16956738	T	C	C	0.0542328	ADD	756	0.93406	0.241372	0.581994	1.4991	-0.282611	0.777475
15	31444475	rs114597488	C	T	T	0.0169607	ADD	737	1.22749	0.415443	0.543743	2.77106	0.49339	0.621737
15	31444561	rs4779877	A	G	G	0.180233	ADD	602	1.15462	0.163171	0.838586	1.58976	0.881106	0.37826
15	31444791	rs56411443	T	C	T	0.466241	ADD	548	0.711102	0.133639	0.547241	0.92403	-2.55119	0.0107355
15	31444848	rs117338933	A	C	C	0.00530504	ADD	754	1.85172	0.727274	0.445162	7.7025	0.847155	0.396909
15	31444941	rs9920397	A	G	A	0.246622	ADD	592	0.772117	0.150096	0.575335	1.0362	-1.72303	0.0848833
15	31445200	rs139030462	T	A	A	0.00329815	ADD	758	11.013	1.15291	1.1496	105.503	2.08089	0.0374442
15	31445930	rs8033571	T	A	T	0.32973	ADD	740	0.859096	0.120524	0.678347	1.08801	-1.26012	0.207624
15	31446115	rs149806403	T	TTTAG	TTTAG	0.464722	ADD	737	1.17973	0.115604	0.940546	1.47974	1.42975	0.152788
15	31446272	rs34309239	A	G	G	0.00720839	ADD	763	2.09811	0.628818	0.611754	7.19579	1.17846	0.238614
15	31446378	rs189214649	T	A	A	0.0112285	ADD	757	1.03271	0.528457	0.366567	2.90938	0.0609017	0.951438
15	31446469	rs75695453	G	T	T	0.0294511	ADD	747	0.579622	0.364152	0.283908	1.18335	-1.49767	0.13422
15	31446492	rs8034199	A	G	A	0.32973	ADD	740	0.859096	0.120524	0.678347	1.08801	-1.26012	0.207624
15	31446690	rs140679448	C	G	G	0.00131062	ADD	763	3.60015	1.46371	0.204365	63.4215	0.875156	0.381489
15	31446911	rs28689818	C	T	T	0.465447	ADD	738	1.19102	0.115349	0.950022	1.49315	1.51548	0.12965
15	31447506	rs111856384	G	T	T	0.0287433	ADD	748	0.618396	0.363108	0.303521	1.25992	-1.32365	0.185621
15	31447799	rs114985211	G	A	A	0.168501	ADD	727	0.922735	0.155894	0.679797	1.25249	-0.515817	0.605982
15	31447907	rs541379609	C	A	A	0	ADD	762	NA	NA	NA	NA	NA	NA
15	31448007	rs137993430	GT	G	G	0.169643	ADD	728	0.906066	0.15562	0.667876	1.2292	-0.633873	0.526164
15	31448091	rs8040885	A	G	A	0.314419	ADD	749	0.84407	0.121281	0.665493	1.07057	-1.39774	0.162192
15	31448162	rs117109082	C	T	T	0.0268676	ADD	763	0.657812	0.384728	0.309471	1.39825	-1.08865	0.276307
15	31448316	rs13379570	T	C	C	0.0525266	ADD	752	0.966917	0.240424	0.603588	1.54895	-0.139929	0.888716
15	31448356	rs12708434	C	T	T	0.194938	ADD	731	0.944109	0.148423	0.705804	1.26287	-0.387499	0.698387
15	31448720	rs1599081	T	G	G	0.173943	ADD	733	0.899862	0.153424	0.666164	1.21554	-0.68773	0.491623
15	31448862	rs150514075	G	C	C	0.0148248	ADD	742	0.686537	0.493689	0.260877	1.80673	-0.761807	0.446175
15	31449013	rs1075232	C	A	A	0.0473684	ADD	760	0.99512	0.257779	0.600418	1.64929	-0.0189761	0.98486
15	31449345	rs111834793	G	A	A	0.0112285	ADD	757	1.03271	0.528457	0.366567	2.90938	0.0609017	0.951438
15	31449535	rs117259424	C	T	T	0.0725699	ADD	751	1.04508	0.214502	0.686381	1.59123	0.205564	0.837131
15	31450098	rs72724946	C	T	T	0.176113	ADD	741	0.889074	0.150801	0.66157	1.19481	-0.779664	0.435589
15	31450608	rs10851562	G	A	A	0.379423	ADD	763	1.27041	0.112475	1.01907	1.58373	2.12791	0.0333442
15	31450865	rs567990337	C	A	A	0.0013089	ADD	764	1.95216	1.42114	0.120459	31.6367	0.470705	0.637852
15	31450907	rs12592985	T	G	G	0.427632	ADD	760	1.24157	0.111739	0.997378	1.54556	1.93647	0.0528099
15	31451375	rs9302175	C	T	T	0.427165	ADD	762	1.2481	0.111586	1.00292	1.55322	1.9861	0.0470219
15	31451406	rs9302176	C	T	T	0.42707	ADD	761	1.24818	0.111565	1.00302	1.55324	1.98704	0.0469185
15	31451555	rs137965042	C	T	T	0.0066313	ADD	754	1.09952	0.663259	0.299665	4.03433	0.143044	0.886255
15	31451564	rs66581165	A	G	G	0.0473062	ADD	761	0.990359	0.257722	0.597612	1.64122	-0.0375899	0.970015
15	31451806	rs12101830	T	C	C	0.184709	ADD	739	0.934362	0.148252	0.698752	1.24942	-0.457943	0.646993
15	31451858	rs4779878	C	A	A	0.42707	ADD	761	1.24818	0.111565	1.00302	1.55324	1.98704	0.0469185
15	31452067	rs1017719	A	G	G	0.428854	ADD	759	1.22955	0.111858	0.987487	1.53095	1.8474	0.0646898
15	31452144	rs4779879	G	T	T	0.42707	ADD	761	1.24818	0.111565	1.00302	1.55324	1.98704	0.0469185
15	31452164	rs35118683	A	AT	A	0.315541	ADD	740	0.825448	0.121666	0.65032	1.04774	-1.57668	0.114868
15	31452379	rs72724952	T	A	A	0.00661376	ADD	756	0.884346	0.703479	0.222751	3.51095	-0.174713	0.861305
15	31453165	rs6493668	A	G	A	0.314189	ADD	740	0.832563	0.121851	0.655688	1.05715	-1.50385	0.13262
15	31453177	rs56111060	T	C	C	0.42707	ADD	761	1.24818	0.111565	1.00302	1.55324	1.98704	0.0469185
15	31453202	rs58902872	TC	T	T	0.426877	ADD	759	1.24913	0.111493	1.00393	1.55421	1.99515	0.0460261
15	31453344	rs9302177	T	C	C	0.442837	ADD	726	1.28618	0.113426	1.0298	1.60639	2.21886	0.0264961
15	31453435	rs9302178	G	T	T	0.443828	ADD	721	1.27054	0.113718	1.01669	1.58776	2.10555	0.0352434
15	31453628	rs9302179	A	G	G	0.42328	ADD	756	1.23216	0.112026	0.989261	1.5347	1.86359	0.0623797
15	31454117	rs12102124	T	C	C	0.244475	ADD	724	0.876821	0.136084	0.671546	1.14484	-0.965962	0.334063
15	31454586	rs28452810	G	A	A	0.428962	ADD	732	1.24053	0.114808	0.990565	1.55358	1.87739	0.0604643
15	31454800	rs957562	G	C	C	0.423913	ADD	736	1.24159	0.114473	0.992058	1.55388	1.89031	0.0587168
15	31455205	rs12592652	G	A	A	0.423913	ADD	736	1.24159	0.114473	0.992058	1.55388	1.89031	0.0587168
15	31455321	rs36114878	T	G	G	0.00720839	ADD	763	2.09811	0.628818	0.611754	7.19579	1.17846	0.238614
15	31455439	rs7179481	T	G	G	0.423913	ADD	736	1.24159	0.114473	0.992058	1.55388	1.89031	0.0587168
15	31455588	rs7179825	T	A	T	0.307799	ADD	718	0.877839	0.124467	0.687809	1.12037	-1.0468	0.295194
15	31455852	rs67634762	G	T	T	0.0467105	ADD	760	1.01201	0.258504	0.609742	1.67967	0.0461885	0.96316
15	31455998	rs11288071	GT	G	GT	0.283426	ADD	718	0.895116	0.129446	0.694536	1.15362	-0.855974	0.392012
15	31456160	rs4779880	A	T	T	0.450481	ADD	727	1.19442	0.114892	0.953587	1.49607	1.54632	0.122027
15	31456363	rs191845946	G	A	A	0.00197368	ADD	760	0.379892	1.51519	0.0194953	7.4027	-0.638778	0.522967
15	31456730	rs56661578	G	GT	GT	0.436126	ADD	728	1.16762	0.117289	0.927822	1.46939	1.32124	0.18642
15	31456864	rs58156651	C	A	A	0.0568942	ADD	747	0.97695	0.241552	0.608504	1.56849	-0.0965416	0.92309
15	31456935	rs377763525	T	C	C	0.00264201	ADD	757	6.75769	1.16552	0.688188	66.3575	1.63934	0.101143
15	31457133	rs12592342	T	C	C	0.404888	ADD	757	1.14572	0.115147	0.914247	1.43579	1.18135	0.237463
15	31457476	rs16956753	T	C	C	0.00720839	ADD	763	2.09811	0.628818	0.611754	7.19579	1.17846	0.238614
15	31457519	rs57924788	G	A	A	0.0756757	ADD	740	0.91988	0.212256	0.606818	1.39445	-0.393451	0.693987
15	31457661	rs4238555	G	A	A	0.404227	ADD	757	1.15454	0.115097	0.921381	1.44671	1.24855	0.211829
15	31457675	rs4779528	C	T	T	0.404227	ADD	757	1.15454	0.115097	0.921381	1.44671	1.24855	0.211829
15	31457769	rs4779881	A	G	G	0.415446	ADD	751	1.1376	0.114954	0.908114	1.42508	1.1215	0.262077
15	31457929	rs62037906	C	T	T	0.00723684	ADD	760	2.79603	0.630782	0.812119	9.62642	1.63004	0.103093
15	31458065	rs4779529	G	A	A	0.349469	ADD	754	1.14269	0.116054	0.910212	1.43454	1.14933	0.250421
15	31458102	rs62037907	G	A	A	0.349469	ADD	754	1.14269	0.116054	0.910212	1.43454	1.14933	0.250421
15	31458139	rs62037908	G	A	A	0.349469	ADD	754	1.14269	0.116054	0.910212	1.43454	1.14933	0.250421
15	31458141	rs35554403	A	G	G	0.369303	ADD	746	1.14041	0.114783	0.910663	1.42812	1.14467	0.252347
15	31458171	rs11629536	G	C	C	0.2777	ADD	713	0.951463	0.132986	0.733152	1.23478	-0.374134	0.708304
15	31458173	rs72724958	C	A	A	0.0755735	ADD	741	0.916008	0.212265	0.604253	1.38861	-0.413303	0.679384
15	31458426	rs28633343	C	T	T	0.349868	ADD	756	1.12231	0.116558	0.893098	1.41035	0.989985	0.322181
15	31458711	rs28421719	G	A	A	0.349868	ADD	756	1.12231	0.116558	0.893098	1.41035	0.989985	0.322181
15	31458778	rs28716634	G	A	A	0.349868	ADD	756	1.12231	0.116558	0.893098	1.41035	0.989985	0.322181
15	31458804	rs2219508	T	C	C	0.349868	ADD	756	1.12231	0.116558	0.893098	1.41035	0.989985	0.322181
15	31459183	rs34560370	G	A	A	0.00720839	ADD	763	2.09811	0.628818	0.611754	7.19579	1.17846	0.238614
15	31459393	rs1380235	C	T	T	0.349868	ADD	756	1.12231	0.116558	0.893098	1.41035	0.989985	0.322181
15	31459397	rs971332	G	A	A	0.348806	ADD	754	1.13356	0.116428	0.902283	1.42413	1.07678	0.281579
15	31459417	rs185787279	T	C	C	0.000656168	ADD	762	1.79804	1.66273	0.0691005	46.7862	0.352852	0.724199
15	31459427	rs74348441	G	A	A	0.2777	ADD	713	0.951519	0.132986	0.733195	1.23485	-0.373693	0.708632
15	31459431	rs971331	G	A	A	0.348806	ADD	754	1.13356	0.116428	0.902283	1.42413	1.07678	0.281579
15	31459461	rs971330	G	A	A	0.348806	ADD	754	1.13356	0.116428	0.902283	1.42413	1.07678	0.281579
15	31459631	rs571579489	AC	A	A	0.010568	ADD	757	0.878608	0.560305	0.292997	2.63468	-0.230976	0.817334
15	31459646	rs12592371	G	C	C	0.349868	ADD	756	1.12231	0.116558	0.893098	1.41035	0.989985	0.322181
15	31459653	rs112350281	T	G	G	0.010568	ADD	757	0.878608	0.560305	0.292997	2.63468	-0.230976	0.817334
15	31459739	rs12595455	T	C	C	0.349868	ADD	756	1.12231	0.116558	0.893098	1.41035	0.989985	0.322181
15	31459780	rs16956762	G	A	A	0.2777	ADD	713	0.951519	0.132986	0.733195	1.23485	-0.373693	0.708632
15	31460074	rs12592564	C	G	G	0.0235457	ADD	722	1.04635	0.367307	0.509358	2.14945	0.123341	0.901837
15	31460208	rs34883574	C	T	T	0.00720839	ADD	763	2.09811	0.628818	0.611754	7.19579	1.17846	0.238614
15	31460320	rs28755772	A	G	G	0.349669	ADD	755	1.12342	0.116525	0.894035	1.41165	0.998704	0.317938
15	31460427	rs2100714	A	G	G	0.365937	ADD	731	0.919559	0.11983	0.727077	1.163	-0.699835	0.484031
15	31460560	rs28644187	T	C	C	0.349669	ADD	755	1.12342	0.116525	0.894035	1.41165	0.998704	0.317938
15	31461541	rs28367155	C	T	T	0.349669	ADD	755	1.12342	0.116525	0.894035	1.41165	0.998704	0.317938
15	31461603	rs8038667	C	T	T	0.349669	ADD	755	1.12342	0.116525	0.894035	1.41165	0.998704	0.317938
15	31461805	rs7403275	G	A	A	0.348806	ADD	754	1.13348	0.116426	0.902221	1.42402	1.07618	0.281849
15	31461822	rs7403458	A	G	G	0.350133	ADD	754	1.12568	0.116534	0.895822	1.41452	1.01592	0.309666
15	31462020	rs4779530	C	T	T	0.348806	ADD	754	1.13348	0.116426	0.902221	1.42402	1.07618	0.281849
15	31462151	rs17228303	T	C	C	0.348806	ADD	754	1.13348	0.116426	0.902221	1.42402	1.07618	0.281849
15	31462171	rs28685794	A	G	G	0.361816	ADD	749	1.10638	0.116063	0.881276	1.38899	0.871037	0.383734
15	31462180	rs28619436	C	T	T	0.348806	ADD	754	1.13348	0.116426	0.902221	1.42402	1.07618	0.281849
15	31462515	rs56249651	C	G	G	0.0740242	ADD	743	0.947891	0.214994	0.621949	1.44465	-0.248918	0.803424
15	31462585	rs72334100	T	TTTC	TTTC	0.347527	ADD	728	1.1947	0.118171	0.947704	1.50608	1.50543	0.132213
15	31462587	rs201202373	C	T	T	0.348214	ADD	728	1.18987	0.118272	0.943684	1.50029	1.46988	0.141594
15	31462759	rs11631962	A	T	T	0.282579	ADD	729	0.962116	0.129669	0.746196	1.24052	-0.297837	0.765828
15	31462782	rs71399746	C	T	T	0.00720839	ADD	763	2.09811	0.628818	0.611754	7.19579	1.17846	0.238614
15	31462872	rs56332002	G	A	A	0.348006	ADD	727	1.19101	0.118237	0.944649	1.50161	1.47838	0.139307
15	31463005	rs11071069	T	C	T	0.250693	ADD	722	0.920115	0.135363	0.705701	1.19967	-0.615059	0.538516
15	31463040	rs28896251	A	G	G	0.349723	ADD	722	1.20457	0.118568	0.954783	1.51969	1.56972	0.116481
15	31463404	rs4779531	T	C	C	0.350622	ADD	723	1.18162	0.118722	0.936315	1.49119	1.4057	0.159814
15	31463602	rs28366602	T	C	C	0.348485	ADD	726	1.18707	0.118363	0.941297	1.49702	1.44886	0.147378
15	31463646	rs28379435	C	T	T	0.349174	ADD	726	1.18217	0.118413	0.93732	1.49099	1.41331	0.157564
15	31463654	rs28623261	G	A	A	0.349174	ADD	726	1.18217	0.118413	0.93732	1.49099	1.41331	0.157564
15	31463850	rs35605241	A	G	G	0.00721785	ADD	762	2.09709	0.628938	0.611315	7.19401	1.17747	0.23901
15	31463854	rs28533482	A	G	G	0.348485	ADD	726	1.18707	0.118363	0.941297	1.49702	1.44886	0.147378
15	31463924	rs67699697	C	T	T	0.0740242	ADD	743	0.947891	0.214994	0.621949	1.44465	-0.248918	0.803424
15	31464303	rs12443432	C	T	T	0.348485	ADD	726	1.18707	0.118363	0.941297	1.49702	1.44886	0.147378
15	31464368	rs8035202	C	T	C	0.25	ADD	720	0.913346	0.135632	0.700141	1.19148	-0.668281	0.503954
15	31464382	rs28392564	T	C	C	0.349448	ADD	724	1.17793	0.118384	0.934012	1.48556	1.38332	0.166568
15	31464454	rs28668028	G	T	T	0.348485	ADD	726	1.18707	0.118363	0.941297	1.49702	1.44886	0.147378
15	31464524	rs16956769	C	T	T	0.370667	ADD	750	0.926512	0.117333	0.736168	1.16607	-0.650532	0.515349
15	31464630	rs17228317	T	G	G	0.348485	ADD	726	1.18707	0.118363	0.941297	1.49702	1.44886	0.147378
15	31464661	rs28549906	C	T	T	0.349931	ADD	723	1.17849	0.118272	0.934658	1.48593	1.38861	0.164951
15	31464664	rs28696791	G	A	A	0.349931	ADD	723	1.17849	0.118272	0.934658	1.48593	1.38861	0.164951
15	31464727	rs28683761	T	A	A	0.348485	ADD	726	1.18707	0.118363	0.941297	1.49702	1.44886	0.147378
15	31464740	rs74821171	C	T	T	0.00327654	ADD	763	0.450837	1.13064	0.0491603	4.13452	-0.704598	0.48106
15	31464863	rs12898683	C	T	T	0.00721785	ADD	762	2.09709	0.628938	0.611315	7.19401	1.17747	0.23901
15	31465239	rs17815977	G	C	C	0.348485	ADD	726	1.18707	0.118363	0.941297	1.49702	1.44886	0.147378
15	31465461	rs28470561	G	T	T	0.348485	ADD	726	1.18707	0.118363	0.941297	1.49702	1.44886	0.147378
15	31465637	rs8040186	G	A	A	0.349448	ADD	724	1.17793	0.118384	0.934012	1.48556	1.38332	0.166568
15	31465689	rs28673491	C	T	T	0.348485	ADD	726	1.18707	0.118363	0.941297	1.49702	1.44886	0.147378
15	31465738	rs8042157	A	G	G	0.392053	ADD	755	0.932874	0.116169	0.742916	1.1714	-0.598143	0.549745
15	31465739	rs8041573	C	A	A	0.392053	ADD	755	0.932874	0.116169	0.742916	1.1714	-0.598143	0.549745
15	31465769	rs12148181	C	T	T	0.348485	ADD	726	1.18707	0.118363	0.941297	1.49702	1.44886	0.147378
15	31465842	rs138473703	G	A	A	0.00065445	ADD	764	0.998761	1.64068	0.0400787	24.8891	-0.000755471	0.999397
15	31465879	rs12148161	G	A	A	0.348485	ADD	726	1.18707	0.118363	0.941297	1.49702	1.44886	0.147378
15	31465958	rs11071070	C	T	T	0.348485	ADD	726	1.18707	0.118363	0.941297	1.49702	1.44886	0.147378
15	31466015	rs7183105	A	G	G	0.290166	ADD	722	0.982547	0.128071	0.764432	1.2629	-0.13748	0.890652
15	31466041	rs10851568	G	A	A	0.348485	ADD	726	1.18707	0.118363	0.941297	1.49702	1.44886	0.147378
15	31466130	rs10851569	T	G	G	0.348485	ADD	726	1.18707	0.118363	0.941297	1.49702	1.44886	0.147378
15	31466351	rs2169020	T	G	G	0.283562	ADD	730	0.977828	0.128933	0.759477	1.25896	-0.173896	0.861947
15	31466387	rs4401013	A	G	G	0.348485	ADD	726	1.18707	0.118363	0.941297	1.49702	1.44886	0.147378
15	31466400	rs2125616	C	T	C	0.25	ADD	720	0.913346	0.135632	0.700141	1.19148	-0.668281	0.503954
15	31466526	rs4451913	T	C	C	0.348485	ADD	726	1.18707	0.118363	0.941297	1.49702	1.44886	0.147378
15	31466616	rs4611411	T	C	C	0.348485	ADD	726	1.18707	0.118363	0.941297	1.49702	1.44886	0.147378
15	31466630	rs4611410	T	C	C	0.348485	ADD	726	1.18707	0.118363	0.941297	1.49702	1.44886	0.147378
15	31466666	rs4414458	C	T	T	0.349448	ADD	724	1.17793	0.118384	0.934012	1.48556	1.38332	0.166568
15	31466705	rs76100334	C	T	T	0.348485	ADD	726	1.18707	0.118363	0.941297	1.49702	1.44886	0.147378
15	31466706	rs76671519	A	G	G	0.347586	ADD	725	1.17455	0.118734	0.930687	1.4823	1.35498	0.175423
15	31466710	rs35643888	G	A	A	0.348485	ADD	726	1.18707	0.118363	0.941297	1.49702	1.44886	0.147378
15	31466759	rs4497646	T	C	C	0.349448	ADD	724	1.17793	0.118384	0.934012	1.48556	1.38332	0.166568
15	31466947	rs112772638	T	C	C	0.0118734	ADD	758	0.748411	0.546508	0.25642	2.18438	-0.53028	0.595918
15	31466973	rs12439214	C	T	T	0.348485	ADD	726	1.18707	0.118363	0.941297	1.49702	1.44886	0.147378
15	31466984	rs12439216	C	T	T	0.348485	ADD	726	1.18707	0.118363	0.941297	1.49702	1.44886	0.147378
15	31467014	rs12443037	T	C	C	0.348485	ADD	726	1.18707	0.118363	0.941297	1.49702	1.44886	0.147378
15	31467015	rs12439019	G	A	A	0.348485	ADD	726	1.18707	0.118363	0.941297	1.49702	1.44886	0.147378
15	31467310	rs140960604	GACTC	G	G	0.348485	ADD	726	1.18707	0.118363	0.941297	1.49702	1.44886	0.147378
15	31467319	rs55985930	C	T	T	0.348485	ADD	726	1.18707	0.118363	0.941297	1.49702	1.44886	0.147378
15	31467321	rs56344000	G	A	A	0.348485	ADD	726	1.18707	0.118363	0.941297	1.49702	1.44886	0.147378
15	31467563	rs12439195	T	C	C	0.348485	ADD	726	1.18707	0.118363	0.941297	1.49702	1.44886	0.147378
15	31467601	rs12441529	C	T	T	0.348485	ADD	726	1.18707	0.118363	0.941297	1.49702	1.44886	0.147378
15	31467723	rs28655541	A	G	G	0.346897	ADD	725	1.1682	0.11861	0.925882	1.47393	1.31071	0.189956
15	31467769	rs12441571	C	T	T	0.348485	ADD	726	1.18707	0.118363	0.941297	1.49702	1.44886	0.147378
15	31467772	rs12441399	G	A	A	0.348485	ADD	726	1.18707	0.118363	0.941297	1.49702	1.44886	0.147378
15	31467780	rs151288052	GCAGAGCCCCCA	G	G	0.348485	ADD	726	1.18707	0.118363	0.941297	1.49702	1.44886	0.147378
15	31467967	rs28703622	G	C	C	0.348485	ADD	726	1.18707	0.118363	0.941297	1.49702	1.44886	0.147378
15	31467984	rs28687203	C	G	G	0.348485	ADD	726	1.18707	0.118363	0.941297	1.49702	1.44886	0.147378
15	31468029	rs56349550	A	C	C	0.348485	ADD	726	1.18707	0.118363	0.941297	1.49702	1.44886	0.147378
15	31468064	rs55806858	T	C	C	0.348485	ADD	726	1.18707	0.118363	0.941297	1.49702	1.44886	0.147378
15	31468095	rs56008248	A	T	T	0.348485	ADD	726	1.18707	0.118363	0.941297	1.49702	1.44886	0.147378
15	31468126	rs55944745	C	T	T	0.347645	ADD	722	1.1891	0.118336	0.942954	1.4995	1.4636	0.143302
15	31468414	rs28557161	G	A	A	0.348485	ADD	726	1.18707	0.118363	0.941297	1.49702	1.44886	0.147378
15	31468417	rs28633823	A	G	G	0.348485	ADD	726	1.18707	0.118363	0.941297	1.49702	1.44886	0.147378
15	31468783	rs2125617	A	G	G	0.361732	ADD	716	1.15121	0.118473	0.912662	1.45211	1.18857	0.234609
15	31468824	rs2125618	G	A	A	0.348276	ADD	725	1.18435	0.118436	0.939	1.4938	1.42854	0.153137
15	31468901	rs2125619	T	C	C	0.0638607	ADD	689	0.810287	0.242268	0.503988	1.30274	-0.868325	0.385217
15	31469224	rs146494011	AGAGAG	A	A	0.28168	ADD	726	0.988504	0.12947	0.766962	1.27404	-0.0893049	0.92884
15	31469322	rs28403178	A	T	T	0.348066	ADD	724	1.18693	0.118449	0.941023	1.49709	1.44677	0.147963
15	31469425	rs8034287	A	G	G	0.403714	ADD	727	0.957403	0.117238	0.760855	1.20472	-0.371303	0.710412
15	31469623	rs12443255	C	T	T	0.348066	ADD	724	1.18693	0.118449	0.941023	1.49709	1.44677	0.147963
15	31469665	rs12440316	A	G	G	0.348886	ADD	718	1.17604	0.118768	0.931809	1.48429	1.3653	0.172158
15	31469874	rs8035018	A	T	T	0.358939	ADD	716	1.21058	0.11728	0.961979	1.52343	1.62945	0.103218
15	31470214	rs8038953	C	T	T	0.349791	ADD	719	1.18664	0.118434	0.94082	1.49668	1.44488	0.148493
15	31470257	rs8023660	T	G	G	0.362553	ADD	713	1.16521	0.118404	0.923887	1.46957	1.29136	0.196579
15	31470271	rs8023664	T	C	C	0.362869	ADD	711	1.1733	0.11849	0.930142	1.48002	1.34879	0.177406
15	31470291	rs551389262	T	A	A	0.00529101	ADD	756	1.58372	0.744807	0.367872	6.81804	0.61731	0.53703
15	31470300	rs8023790	T	C	C	0.362553	ADD	713	1.16521	0.118404	0.923887	1.46957	1.29136	0.196579
15	31470330	rs67216354	C	T	T	0.074224	ADD	741	0.944566	0.214937	0.619838	1.43942	-0.26533	0.790755
15	31470846	rs139511355	AAAC	A	AAAC	0.34058	ADD	690	0.898237	0.12461	0.703596	1.14672	-0.861258	0.389096
15	31470894	rs2008020	A	G	G	0.362553	ADD	713	1.16521	0.118404	0.923887	1.46957	1.29136	0.196579
15	31471051	rs2338685	T	G	T	0.246121	ADD	709	0.914476	0.136941	0.69921	1.19602	-0.652867	0.513842
15	31471368	rs139434860	C	T	T	0.00524934	ADD	762	1.30615	0.754563	0.297652	5.73163	0.353959	0.723369
15	31471406	rs11071075	T	G	G	0.349791	ADD	719	1.18664	0.118434	0.94082	1.49668	1.44488	0.148493
15	31471538	rs187190003	T	C	C	0.00131234	ADD	762	0.490834	1.55908	0.0231125	10.4237	-0.456455	0.648063
15	31471564	rs11071076	G	A	A	0.349791	ADD	719	1.18664	0.118434	0.94082	1.49668	1.44488	0.148493
15	31471575	rs898213	A	G	A	0.332851	ADD	691	0.869445	0.125233	0.68021	1.11132	-1.11712	0.263944
15	31471615	rs12592099	G	C	C	0.370787	ADD	712	1.18711	0.117052	0.943752	1.49323	1.46538	0.142817
15	31471659	rs898214	T	C	C	0.275	ADD	720	0.931394	0.132216	0.718773	1.20691	-0.53755	0.590888
15	31471884	rs35188009	C	CA	CA	0.368829	ADD	709	1.18219	0.117665	0.938705	1.48882	1.42239	0.154914
15	31472196	rs2338684	G	A	A	0.273992	ADD	719	0.915017	0.133018	0.705025	1.18756	-0.667671	0.504343
15	31472208	rs1077168	T	C	C	0.275	ADD	720	0.931394	0.132216	0.718773	1.20691	-0.53755	0.590888
15	31472309	rs1077169	A	G	G	0.362553	ADD	713	1.16521	0.118404	0.923887	1.46957	1.29136	0.196579
15	31472523	rs2338683	A	G	G	0.362553	ADD	713	1.16521	0.118404	0.923887	1.46957	1.29136	0.196579
15	31472861	rs5811643	AG	A	A	0.349791	ADD	719	1.18664	0.118434	0.94082	1.49668	1.44488	0.148493
15	31473411	rs755809	T	C	C	0.362553	ADD	713	1.16521	0.118404	0.923887	1.46957	1.29136	0.196579
15	31473418	rs755810	C	T	C	0.340318	ADD	692	0.899207	0.124547	0.704441	1.14782	-0.85303	0.393643
15	31473439	rs755811	C	A	A	0.274756	ADD	717	0.932808	0.132268	0.719789	1.20887	-0.525874	0.598976
15	31473466	rs111989494	A	G	G	0.0118734	ADD	758	0.748411	0.546508	0.25642	2.18438	-0.53028	0.595918
15	31473499	rs149414264	C	T	T	0.00728477	ADD	755	0.523177	0.800525	0.108953	2.51222	-0.809263	0.418364
15	31473605	rs755812	C	T	T	0.349582	ADD	718	1.18884	0.118418	0.942597	1.49941	1.46074	0.144086
15	31474021	rs17228345	G	A	A	0.0140374	ADD	748	1.43915	0.446956	0.599315	3.45585	0.814511	0.415352
15	31474470	rs59988055	G	A	A	0.273743	ADD	716	0.909015	0.133253	0.700077	1.18031	-0.715886	0.474062
15	31474612	rs190499984	T	G	G	0.000656168	ADD	762	6.27366	1.64583	0.249223	157.926	1.11577	0.264522
15	31474909	rs186915439	C	T	T	0.000655308	ADD	763	0.417938	1.63913	0.0168222	10.3834	-0.532249	0.594554
15	31475061	rs12441588	C	T	T	0.332382	ADD	701	1.15769	0.120846	0.913539	1.46709	1.21166	0.225642
15	31475702	rs8026661	G	A	A	0.281476	ADD	691	0.970366	0.132937	0.747789	1.25919	-0.226285	0.82098
15	31476326	rs1017720	C	T	T	0.344086	ADD	651	1.12956	0.125237	0.883702	1.44381	0.972749	0.330678
15	31476980	rs4779882	C	T	T	0.330793	ADD	656	1.15243	0.125246	0.901584	1.47308	1.13277	0.257309
15	31476981	rs113085350	G	A	A	0.0112137	ADD	758	0.589459	0.591741	0.184826	1.87994	-0.893212	0.371744
15	31477516	rs112206085	G	A	A	0.0112137	ADD	758	0.589459	0.591741	0.184826	1.87994	-0.893212	0.371744
15	31478572	rs113348766	T	G	G	0.0119048	ADD	756	0.550188	0.585982	0.174471	1.735	-1.01965	0.307896
15	31478676	rs73370512	T	G	G	0.0119048	ADD	756	0.550188	0.585982	0.174471	1.735	-1.01965	0.307896
