CHR	POS	MarkerID	Allele1	Allele2	AC_Allele2	AF_Allele2	MissingRate	BETA	SE	Tstat	var	p.value	p.value.NA	Is.SPA	AF_case	AF_ctrl	N_case	N_ctrl	N_case_hom	N_case_het	N_ctrl_hom	N_ctrl_het
chr18	70469072	rs62102558	A	G	120.528	0.0788796	0	-0.0509773	0.223629	-1.01934	19.996	8.196817E-01	8.196817E-01	false	0.070502	0.0831014	256	508	2	30	6	72
chr18	70469147	rs28373933	C	T	179.779	0.117656	0	-0.985776	0.206819	-27.0635	32.2286	1.875787E-06	1.867997E-06	true	0.0617539	0.145828	256	508	1	29	11	125
chr18	70469178	rs28580582	G	A	159.644	0.104479	0	-0.904338	0.213553	-22.8315	29.1768	2.288312E-05	2.369952E-05	true	0.0577227	0.128041	256	508	1	27	9	111
chr18	70469288	rs28505079	G	A	159.829	0.1046	0	-0.885472	0.212204	-22.5489	29.3224	3.009579E-05	3.125339E-05	true	0.0586289	0.127767	256	508	1	28	9	111
chr18	70469316	rs80016797	G	A	31.989	0.0209352	0	-0.337633	0.394101	-2.17385	6.43851	3.916014E-01	3.916014E-01	false	0.017625	0.0226033	256	508	0	9	0	23
chr18	70470013	rs56756677	A	G	159.983	0.104701	0	-0.906145	0.212813	-23.0265	29.3554	2.063152E-05	2.138185E-05	true	0.0576133	0.12843	256	508	1	27	9	112
chr18	70470035	rs7238649	G	A	1061.26	0.694545	0	0.226914	0.125553	14.3947	63.437	7.071453E-02	7.071453E-02	false	0.724687	0.679354	256	508	135	101	228	235
chr18	70470530	rs17082652	A	T	20.053	0.0131237	0	-1.34933	0.615916	-4.23992	3.81177	2.846803E-02	2.988055E-02	true	0.00396094	0.0177411	256	508	0	2	0	18
chr18	70471165	rs73459320	T	C	159.464	0.104361	0	-0.920673	0.213849	-23.2857	29.3531	1.667975E-05	1.723746E-05	true	0.0566699	0.128395	256	508	1	27	9	112
chr18	70471238	rs111352946	T	C	159.464	0.104361	0	-0.920673	0.213849	-23.2857	29.3531	1.667975E-05	1.723746E-05	true	0.0566699	0.128395	256	508	1	27	9	112
chr18	70471415	rs8099041	G	T	20.057	0.0131263	0	-1.34961	0.615991	-4.23997	3.81127	2.845525E-02	2.986768E-02	true	0.00396289	0.0177441	256	508	0	2	0	18
chr18	70471721	rs28459797	T	C	159.464	0.104361	0	-0.920673	0.213849	-23.2857	29.3531	1.667975E-05	1.723746E-05	true	0.0566699	0.128395	256	508	1	27	9	112
chr18	70471844	rs28759291	G	A	159.464	0.104361	0	-0.920673	0.213849	-23.2857	29.3531	1.667975E-05	1.723746E-05	true	0.0566699	0.128395	256	508	1	27	9	112
chr18	70471965	rs78890685	T	G	21.872	0.0143141	0	-0.734954	0.525115	-2.66534	3.62653	1.616311E-01	1.616311E-01	false	0.00588281	0.018563	256	508	0	3	0	19
chr18	70471997	rs17082653	C	T	159.464	0.104361	0	-0.920673	0.213849	-23.2857	29.3531	1.667975E-05	1.723746E-05	true	0.0566699	0.128395	256	508	1	27	9	112
chr18	70472040	rs118037711	A	T	28.971	0.0189601	0	-0.562089	0.412413	-3.30476	5.87942	1.729057E-01	1.729057E-01	false	0.013666	0.021628	256	508	0	7	0	22
chr18	70472288	rs111743998	C	T	14.93	0.00977094	0	-0.444343	0.644213	-1.07068	2.40958	4.903542E-01	4.903542E-01	false	0.00748438	0.0109232	256	508	1	2	0	8
chr18	70472312	rs77600615	G	A	20.058	0.013127	0	-1.34964	0.615981	-4.24032	3.81163	2.844933E-02	2.986176E-02	true	0.00396289	0.0177451	256	508	0	2	0	18
chr18	70472408	rs75626344	A	G	13.36	0.00874346	0	0.315408	0.645528	0.756908	2.39977	6.251213E-01	6.251213E-01	false	0.00925977	0.00848327	256	508	0	5	0	8
chr18	70472421	rs202173408	T	TC	29.026	0.0189961	0	-0.287366	0.440666	-1.47984	5.14969	5.143258E-01	5.143258E-01	false	0.0151074	0.0209557	256	508	0	7	1	19
chr18	70472708	rs9953912	T	A	159.3	0.104254	0	-0.924447	0.214085	-23.3535	29.3456	1.573599E-05	1.624962E-05	true	0.0563945	0.128372	256	508	1	26	9	112
chr18	70472757	rs9964993	G	A	159.3	0.104254	0	-0.924447	0.214085	-23.3535	29.3456	1.573599E-05	1.624962E-05	true	0.0563945	0.128372	256	508	1	26	9	112
chr18	70472869	rs9965095	G	A	1271.64	0.832224	0	-0.404352	0.156975	-15.9458	38.397	9.997806E-03	1.007238E-02	true	0.801801	0.847556	256	508	164	85	365	137
chr18	70473290	rs58830422	A	T	159.3	0.104254	0	-0.924447	0.214085	-23.3535	29.3456	1.573599E-05	1.624962E-05	true	0.0563945	0.128372	256	508	1	26	9	112
chr18	70473331	rs117641790	A	C	28.947	0.0189444	0	-0.561498	0.412671	-3.29716	5.87208	1.736262E-01	1.736262E-01	false	0.013666	0.0216043	256	508	0	7	0	22
chr18	70473413	rs79313822	A	G	73.911	0.0483711	0	0.193043	0.331598	1.75562	9.09446	5.604594E-01	5.604594E-01	false	0.0545938	0.0452352	256	508	0	23	0	38
chr18	70473428	rs9956900	T	G	158.868	0.103971	0	-0.933588	0.214413	-23.5725	29.3987	1.335783E-05	1.376835E-05	true	0.055582	0.128356	256	508	1	26	9	112
chr18	70473593	rs9944770	A	G	208.077	0.136176	0	-1.00199	0.19381	-31.1062	36.1037	2.341229E-07	2.255831E-07	true	0.0733574	0.167833	256	508	1	35	13	144
chr18	70474314	rs55958727	A	G	158.005	0.103406	0	-0.924489	0.212654	-23.7524	29.9104	1.377646E-05	1.405070E-05	true	0.0546934	0.127955	256	508	1	26	9	112
chr18	70474676	rs149289752	C	T	28.966	0.0189568	0	-0.56169	0.412406	-3.30253	5.87964	1.732033E-01	1.732033E-01	false	0.0136699	0.0216211	256	508	0	7	0	22
chr18	70474677	rs7232674	G	A	158.811	0.103934	0	-0.93344	0.214398	-23.5716	29.4015	1.338091E-05	1.379241E-05	true	0.0555469	0.128318	256	508	1	26	9	112
chr18	70475178	rs8092443	G	A	207.683	0.135918	0	-1.00383	0.194225	-31.0545	36.0058	2.361180E-07	2.274937E-07	true	0.0731797	0.167534	256	508	1	35	13	144
chr18	70475211	rs8092458	G	A	158.632	0.103817	0	-0.934641	0.214745	-23.5414	29.3466	1.346954E-05	1.388759E-05	true	0.0554668	0.128182	256	508	1	26	9	112
chr18	70475219	rs28548807	C	A	120.699	0.0789915	0	-0.0582615	0.224339	-1.15764	19.8697	7.950928E-01	7.950928E-01	false	0.0706758	0.0831821	256	508	2	29	5	74
chr18	70475478	rs8093705	T	C	158	0.103403	0	-0.924527	0.212655	-23.7535	29.9108	1.376681E-05	1.404013E-05	true	0.0546875	0.127953	256	508	1	26	9	112
chr18	70475486	rs75366216	G	A	20.052	0.013123	0	-1.35717	0.618167	-4.23821	3.7929	2.812936E-02	2.954125E-02	true	0.0039707	0.0177352	256	508	0	2	0	18
chr18	70475685	rs8092963	C	T	207.686	0.13592	0	-1.0038	0.194225	-31.0535	36.0054	2.362965E-07	2.276701E-07	true	0.0731836	0.167535	256	508	1	35	13	144
chr18	70475787	rs79869329	T	A	214.197	0.140181	0	0.0872627	0.168426	3.07616	35.2517	6.043841E-01	6.043841E-01	false	0.141486	0.139524	256	508	4	64	14	112
chr18	70476033	rs73459338	T	C	157.879	0.103324	0	-0.935067	0.21479	-23.5469	29.3457	1.340486E-05	1.381885E-05	true	0.0549551	0.127699	256	508	1	26	9	112
chr18	70476034	rs754418377	A	AT	21.745	0.014231	0	-1.46126	0.620665	-4.65088	3.98176	1.855559E-02	1.976598E-02	true	0.00403906	0.0193671	256	508	0	2	0	20
chr18	70476221	rs78547780	G	A	157.913	0.103346	0	-0.934481	0.214716	-23.5447	29.3571	1.347953E-05	1.389762E-05	true	0.0549902	0.127715	256	508	1	26	9	112
chr18	70476256	rs8097473	G	T	19.992	0.0130838	0	-1.35776	0.618392	-4.23691	3.79007	2.811806E-02	2.953009E-02	true	0.00393359	0.0176949	256	508	0	2	0	18
chr18	70476552	rs9954746	G	A	162.054	0.106056	0	-0.95869	0.214048	-24.3995	29.7455	7.504391E-06	7.686515E-06	true	0.0566445	0.130957	256	508	1	27	9	115
chr18	70476930	rs35794277	C	T	158.656	0.103832	0	-0.934754	0.214754	-23.5428	29.3454	1.344838E-05	1.386557E-05	true	0.0554805	0.128199	256	508	1	26	9	112
chr18	70476982	rs7504451	C	T	21.284	0.0139293	0	-0.940606	0.500416	-3.75617	3.99335	6.015624E-02	6.015624E-02	false	0.00583789	0.0180069	256	508	0	3	0	18
chr18	70477118	rs112956841	C	G	157.91	0.103344	0	-0.934487	0.214717	-23.5447	29.357	1.347881E-05	1.389690E-05	true	0.0549883	0.127713	256	508	1	26	9	112
chr18	70477147	rs56363024	T	C	14.966	0.0097945	0	-0.0784143	0.677112	-0.171031	2.18111	9.078055E-01	9.078055E-01	false	0.0107422	0.00931693	256	508	0	5	0	8
chr18	70477175	rs73459346	A	T	158.221	0.103548	0	-0.934584	0.214727	-23.5443	29.3525	1.346407E-05	1.388164E-05	true	0.0551934	0.127915	256	508	1	26	9	112
chr18	70477246	rs113611989	T	C	20.002	0.0130903	0	-1.35364	0.617611	-4.23135	3.79317	2.839836E-02	2.981114E-02	true	0.00395117	0.0176959	256	508	0	2	0	18
chr18	70477271	rs73459349	T	C	207.683	0.135918	0	-1.00383	0.194225	-31.0545	36.0058	2.361180E-07	2.274937E-07	true	0.0731797	0.167534	256	508	1	35	13	144
chr18	70477392	rs73459351	T	C	207.686	0.13592	0	-1.0038	0.194225	-31.0535	36.0054	2.362965E-07	2.276701E-07	true	0.0731836	0.167535	256	508	1	35	13	144
chr18	70477745	rs60088432	T	C	158.633	0.103817	0	-0.934614	0.214744	-23.5408	29.3465	1.347590E-05	1.389422E-05	true	0.0554688	0.128182	256	508	1	26	9	112
chr18	70477763	rs113055482	C	T	212.519	0.139083	0	0.0630355	0.169237	2.20086	34.9146	7.095445E-01	7.095445E-01	false	0.138521	0.139366	256	508	3	63	14	112
chr18	70477934	rs145912479	A	G	20.033	0.0131106	0	0.264468	0.575244	0.799225	3.02201	6.456960E-01	6.456960E-01	false	0.0148203	0.012249	256	508	0	6	0	12
chr18	70478074	rs7233902	C	T	158.633	0.103817	0	-0.934614	0.214744	-23.5408	29.3465	1.347590E-05	1.389422E-05	true	0.0554688	0.128182	256	508	1	26	9	112
chr18	70478289	rs7234487	G	A	207.686	0.13592	0	-1.0038	0.194225	-31.0535	36.0054	2.362965E-07	2.276701E-07	true	0.0731836	0.167535	256	508	1	35	13	144
chr18	70478307	rs7234494	G	C	158.633	0.103817	0	-0.934614	0.214744	-23.5408	29.3465	1.347590E-05	1.389422E-05	true	0.0554688	0.128182	256	508	1	26	9	112
chr18	70478459	rs7234834	G	A	158.633	0.103817	0	-0.934614	0.214744	-23.5408	29.3465	1.347590E-05	1.389422E-05	true	0.0554688	0.128182	256	508	1	26	9	112
chr18	70478684	rs113314199	G	A	20.002	0.0130903	0	-1.35364	0.617611	-4.23135	3.79317	2.839836E-02	2.981114E-02	true	0.00395117	0.0176959	256	508	0	2	0	18
chr18	70479047	rs147209962	C	T	11.848	0.00775393	0	0.109447	0.756153	0.191419	1.74896	8.849146E-01	8.849146E-01	false	0.00710547	0.00808071	256	508	0	3	0	8
chr18	70479232	rs200430149	ATGT	A	157.91	0.103344	0	-0.934487	0.214717	-23.5447	29.357	1.347881E-05	1.389690E-05	true	0.0549883	0.127713	256	508	1	26	9	112
chr18	70479354	rs118138209	G	A	29.665	0.0194143	0	-0.588146	0.410817	-3.48488	5.9252	1.522444E-01	1.522444E-01	false	0.0137188	0.0222844	256	508	0	7	0	23
chr18	70479561	rs377343608	C	T	24.968	0.0163403	0	-0.758068	0.511308	-2.89963	3.82503	1.381791E-01	1.381791E-01	false	0.0105898	0.0192382	256	508	0	4	0	18
chr18	70479674	rs11151586	G	C	1063.25	0.695847	0	0.247921	0.127714	15.1998	61.3091	5.223103E-02	5.223103E-02	false	0.728777	0.679252	256	508	139	98	233	231
chr18	70479684	rs370931250	C	A	12.015	0.00786322	0	0.208201	0.737365	0.382928	1.83923	7.776690E-01	7.776690E-01	false	0.00959375	0.00699114	256	508	0	5	0	5
chr18	70479803	rs7240698	G	C	158.723	0.103876	0	-0.932813	0.214673	-23.4998	29.3397	1.391079E-05	1.434730E-05	true	0.0556152	0.128197	256	508	1	26	9	112
chr18	70480128	rs8083222	T	A	1358.3	0.888942	0	0.931825	0.214409	23.4883	29.3027	1.386349E-05	1.430785E-05	true	0.937033	0.864708	256	508	229	26	386	113
chr18	70480746	rs8084120	T	G	1339.36	0.876545	0	1.01278	0.208068	27.6604	32.2581	1.130132E-06	1.115372E-06	true	0.933766	0.847709	256	508	227	28	371	126
chr18	70481145	rs112729017	G	A	156.499	0.102421	0	-0.961937	0.218225	-23.5642	28.637	1.043291E-05	1.065614E-05	true	0.0530664	0.127292	256	508	1	25	8	113
chr18	70481466	rs2886656	G	T	1064.1	0.696402	0	0.239803	0.127989	14.6389	61.0455	6.098297E-02	6.098297E-02	false	0.728932	0.68001	256	508	140	96	234	231
chr18	70481612	rs11872986	C	T	156.677	0.102537	0	-0.961913	0.218231	-23.5616	28.6337	1.044394E-05	1.066752E-05	true	0.0531875	0.127406	256	508	1	25	8	113
chr18	70481613	rs4629075	G	T	1340.98	0.877607	0	1.04054	0.211181	27.7129	31.562	8.339946E-07	8.102863E-07	true	0.93593	0.848216	256	508	228	27	371	127
chr18	70481689	rs2366382	A	G	1312.57	0.859012	0	1.01717	0.196235	30.8218	35.2487	2.178255E-07	2.086924E-07	true	0.922281	0.827129	256	508	221	34	351	145
chr18	70482083	rs118063431	A	G	26.243	0.0171747	0	-0.475973	0.43709	-2.49139	5.23431	2.761720E-01	2.761720E-01	false	0.0136016	0.0189754	256	508	0	7	0	20
chr18	70482728	rs111788886	C	T	20.159	0.0131931	0	-1.35334	0.619516	-4.19277	3.74828	2.892413E-02	3.033924E-02	true	0.00414844	0.017751	256	508	0	2	0	18
chr18	70482729	rs142933616	G	A	14.368	0.00940314	0	-0.907341	0.644185	-2.1865	2.40978	1.589804E-01	1.589804E-01	false	0.00360547	0.0123248	256	508	0	1	1	9
chr18	70482850	rs139598859	A	AT	60.536	0.0396178	0	0.285332	0.327027	2.66799	9.35046	3.829340E-01	3.829340E-01	false	0.0400645	0.0393927	256	508	0	21	1	36
chr18	70483061	rs2886657	G	A	1497.65	0.980139	0	1.33815	0.617304	4.14988	3.72615	3.017907E-02	3.156813E-02	true	0.989105	0.975621	256	508	254	2	490	18
chr18	70483119	rs2886658	G	C	1340.98	0.877607	0	1.04054	0.211181	27.7129	31.562	8.339946E-07	8.102863E-07	true	0.93593	0.848216	256	508	228	27	371	127
chr18	70483317	rs111793334	G	C	19.917	0.0130347	0	-1.35836	0.620308	-4.20318	3.74933	2.853771E-02	2.995325E-02	true	0.00396484	0.0176053	256	508	0	2	0	18
chr18	70483459	rs11151588	T	C	1340.95	0.877588	0	1.04087	0.211203	27.7177	31.5594	8.295736E-07	8.058952E-07	true	0.935924	0.848191	256	508	228	27	371	127
chr18	70483614	rs149538785	A	ATAGT	1340	0.876965	0	1.05188	0.211805	27.9116	31.5052	6.825327E-07	6.602208E-07	true	0.935701	0.847366	256	508	228	27	371	127
chr18	70483639	rs6566475	G	A	1517.98	0.993443	0	-1.443	5.59598	-0.0460801	0.0319336	7.965123E-01	7.965123E-01	false	0.993352	0.993489	256	508	256	0	508	0
chr18	70483678	rs117300186	G	A	28.341	0.0185478	0	-0.550377	0.420943	-3.10608	5.64356	1.910482E-01	1.910482E-01	false	0.0136094	0.0210364	256	508	0	7	0	22
chr18	70483775	rs8090108	T	C	1340.96	0.877589	0	1.04084	0.211201	27.7173	31.5595	8.299548E-07	8.062768E-07	true	0.935924	0.848192	256	508	228	27	371	127
chr18	70483804	rs8089399	G	T	1064.11	0.69641	0	0.239822	0.127989	14.6401	61.0457	6.096174E-02	6.096174E-02	false	0.728941	0.680016	256	508	140	96	234	231
chr18	70483865	rs8089292	C	A	1312.54	0.858993	0	1.01741	0.19625	30.8253	35.246	2.169179E-07	2.078058E-07	true	0.922271	0.827104	256	508	221	34	351	145
chr18	70483876	rs72954809	G	C	244.76	0.160183	0	0.437588	0.158209	16.949	37.6411	5.676912E-03	5.734868E-03	true	0.192674	0.14381	256	508	7	84	6	134
chr18	70483926	rs9952001	T	C	156.723	0.102567	0	-0.96188	0.218253	-23.5548	28.6248	1.047294E-05	1.069676E-05	true	0.0532285	0.127431	256	508	1	25	8	113
chr18	70484050	rs73459372	C	T	156.461	0.102396	0	-0.962138	0.218233	-23.5685	28.6373	1.039637E-05	1.061814E-05	true	0.0530332	0.127272	256	508	1	25	8	113
chr18	70484545	rs12607642	A	G	1340.96	0.877589	0	1.04084	0.211201	27.7173	31.5595	8.299548E-07	8.062768E-07	true	0.935924	0.848192	256	508	228	27	371	127
chr18	70484561	rs12607666	C	T	1340.96	0.877589	0	1.04084	0.211201	27.7173	31.5595	8.299548E-07	8.062768E-07	true	0.935924	0.848192	256	508	228	27	371	127
chr18	70484695	rs12607670	A	G	1340.96	0.877589	0	1.04084	0.211201	27.7173	31.5595	8.299548E-07	8.062768E-07	true	0.935924	0.848192	256	508	228	27	371	127
chr18	70484830	rs145928505	C	T	28.341	0.0185478	0	-0.550377	0.420943	-3.10608	5.64356	1.910482E-01	1.910482E-01	false	0.0136094	0.0210364	256	508	0	7	0	22
chr18	70484942	rs111833669	G	A	19.719	0.0129051	0	-1.42654	0.633312	-4.29229	3.70189	2.428982E-02	2.568871E-02	true	0.00366211	0.017563	256	508	0	2	0	18
chr18	70484970	rs142867506	C	T	12.73	0.00833115	0	0.36667	0.726342	0.695013	1.89547	6.136871E-01	6.136871E-01	false	0.00937695	0.00780413	256	508	0	3	0	7
chr18	70485056	rs143619742	C	T	29.646	0.0194018	0	-0.588719	0.41729	-3.3809	5.7428	1.582991E-01	1.582991E-01	false	0.0137754	0.0222372	256	508	0	7	0	23
chr18	70485064	rs2366383	C	T	1312.54	0.858993	0	1.01741	0.19625	30.8253	35.246	2.169179E-07	2.078058E-07	true	0.922271	0.827104	256	508	221	34	351	145
chr18	70485180	rs11151591	A	C	653.501	0.427684	0	0.228916	0.121604	15.4803	67.6246	5.977223E-02	5.977223E-02	false	0.472553	0.405073	256	508	58	130	83	254
chr18	70485727	rs2366384	G	T	1340.96	0.877589	0	1.04084	0.211201	27.7173	31.5595	8.299548E-07	8.062768E-07	true	0.935924	0.848192	256	508	228	27	371	127
chr18	70486105	rs79637596	A	C	10.202	0.0066767	0	1.3425	0.814955	2.02138	1.50568	9.949011E-02	9.949011E-02	false	0.0105723	0.00471358	256	508	0	6	0	3
chr18	70486180	rs140144641	A	G	28.341	0.0185478	0	-0.550377	0.420943	-3.10608	5.64356	1.910482E-01	1.910482E-01	false	0.0136094	0.0210364	256	508	0	7	0	22
chr18	70486316	rs199733664	GA	G	28.341	0.0185478	0	-0.550377	0.420943	-3.10608	5.64356	1.910482E-01	1.910482E-01	false	0.0136094	0.0210364	256	508	0	7	0	22
chr18	70486326	rs35493881	CA	C	242.928	0.158984	0	0.447158	0.158688	17.204	37.3685	4.834818E-03	4.887855E-03	true	0.192213	0.142239	256	508	7	84	5	134
chr18	70486384	rs11663206	T	C	1322.94	0.865799	0	1.0047	0.194349	31.1259	36.0285	2.346615E-07	2.153250E-07	true	0.929639	0.833628	256	508	221	34	351	145
chr18	70486462	rs11659771	A	T	1340.98	0.877607	0	1.04054	0.211181	27.7129	31.562	8.339946E-07	8.102863E-07	true	0.93593	0.848216	256	508	228	27	371	127
chr18	70486587	rs11659831	C	G	244.818	0.160221	0	0.437372	0.158199	16.9431	37.6469	5.697544E-03	5.755604E-03	true	0.192697	0.143855	256	508	7	84	6	134
chr18	70486972	rs545693159	G	GT	12.086	0.00790969	0	0.236335	0.73479	0.437724	1.85214	7.477288E-01	7.477288E-01	false	0.00963867	0.00703839	256	508	0	5	0	6
chr18	70487160	rs72954874	C	T	247.377	0.161896	0	0.418551	0.157124	16.4477	38.2094	7.725697E-03	7.794523E-03	true	0.193305	0.146068	256	508	7	84	6	135
chr18	70487178	rs10469108	C	G	1340.96	0.877589	0	1.04084	0.211201	27.7173	31.5595	8.299548E-07	8.062768E-07	true	0.935924	0.848192	256	508	228	27	371	127
chr18	70487286	rs4265918	A	G	156.461	0.102396	0	-0.962138	0.218233	-23.5685	28.6373	1.039637E-05	1.061814E-05	true	0.0530332	0.127272	256	508	1	25	8	113
chr18	70487504	rs117521508	G	A	28.341	0.0185478	0	-0.550377	0.420943	-3.10608	5.64356	1.910482E-01	1.910482E-01	false	0.0136094	0.0210364	256	508	0	7	0	22
chr18	70487706	rs2886659	T	C	1340.96	0.877589	0	1.04084	0.211201	27.7173	31.5595	8.299548E-07	8.062768E-07	true	0.935924	0.848192	256	508	228	27	371	127
chr18	70487988	rs2366385	T	C	1340.96	0.87759	0	1.04083	0.211201	27.7171	31.5596	8.301354E-07	8.064548E-07	true	0.935924	0.848193	256	508	228	27	371	127
chr18	70488244	rs118142645	G	A	28.582	0.0187055	0	-0.532682	0.420838	-3.00773	5.64639	2.055966E-01	2.055966E-01	false	0.013916	0.0211191	256	508	0	7	0	22
chr18	70488633	rs141496620	C	T	28.341	0.0185478	0	-0.550377	0.420943	-3.10608	5.64356	1.910482E-01	1.910482E-01	false	0.0136094	0.0210364	256	508	0	7	0	22
chr18	70488914	rs1295319558	A	AT	23.084	0.0151073	0	-0.183092	0.611967	-0.488893	2.6702	7.647977E-01	7.647977E-01	false	0.0153574	0.0149813	256	508	0	4	0	12
chr18	70489211	rs17082685	T	G	19.917	0.0130347	0	-1.35836	0.620308	-4.20318	3.74933	2.853771E-02	2.995325E-02	true	0.00396484	0.0176053	256	508	0	2	0	18
chr18	70489246	rs2886660	T	C	1340.94	0.877578	0	1.04123	0.211225	27.7239	31.558	8.245572E-07	8.008904E-07	true	0.935924	0.848175	256	508	228	27	371	127
chr18	70489300	rs17241064	C	A	119.779	0.0783894	0	-0.099329	0.222695	-2.00288	20.1641	6.555747E-01	6.555747E-01	false	0.0682715	0.0834882	256	508	2	29	5	75
chr18	70489629	rs11875350	G	A	1311.25	0.858149	0	1.0341	0.196807	31.2505	35.2442	1.485113E-07	1.409848E-07	true	0.922172	0.825885	256	508	221	34	350	146
chr18	70489850	rs17819395	C	G	14.621	0.00956872	0	0.721663	0.758069	1.25579	1.74013	3.411097E-01	3.411097E-01	false	0.0110859	0.00880413	256	508	0	3	0	7
chr18	70489904	rs147789659	A	G	13.804	0.00903403	0	-1.31326	0.716975	-2.55471	1.94532	6.700163E-02	6.700163E-02	false	0.00480859	0.0111634	256	508	0	1	0	9
chr18	70490111	rs111535864	C	A	12.807	0.00838154	0	-0.118208	0.691503	-0.247205	2.09128	8.642686E-01	8.642686E-01	false	0.00874805	0.00819685	256	508	0	4	0	8
chr18	70490558	rs10469109	G	A	1091.33	0.714219	0	0.206272	0.129233	12.3508	59.8764	1.104593E-01	1.104593E-01	false	0.740217	0.701118	256	508	145	91	250	219
chr18	70490826	rs76528133	C	T	127.686	0.0835641	0	0.4984	0.208423	11.033	21.3414	1.678926E-02	1.692868E-02	true	0.109328	0.0705807	256	508	2	52	0	72
chr18	70490916	rs4597426	A	G	1314.01	0.859957	0	0.983463	0.195803	29.7236	34.9578	5.094724E-07	4.976148E-07	true	0.92165	0.828868	256	508	221	34	353	143
chr18	70491518	rs8094337	T	C	1314.1	0.860016	0	0.982809	0.195924	29.6665	34.9133	5.268033E-07	5.146149E-07	true	0.921646	0.828958	256	508	221	34	353	143
chr18	70491547	rs8093268	C	T	1312.56	0.859006	0	0.973168	0.196804	29.0348	34.4368	7.620086E-07	7.507668E-07	true	0.919305	0.828619	256	508	220	35	353	143
chr18	70492120	rs12607188	T	A	1313.81	0.859821	0	1.00345	0.198423	29.6759	34.3615	4.255858E-07	4.137471E-07	true	0.921449	0.828765	256	508	221	34	353	143
chr18	70492236	rs12604913	C	T	1313.66	0.859723	0	1.00482	0.198508	29.6984	34.3484	4.151703E-07	4.034302E-07	true	0.921406	0.828639	256	508	221	34	353	143
chr18	70492356	rs117816313	C	T	10.318	0.00675262	0	-0.553911	0.753266	-0.97621	1.7624	4.621288E-01	4.621288E-01	false	0.00432031	0.00797835	256	508	0	2	0	9
chr18	70492593	rs11151592	T	A	1313.66	0.859723	0	1.00482	0.198508	29.6984	34.3484	4.151703E-07	4.034302E-07	true	0.921406	0.828639	256	508	221	34	353	143
chr18	70492720	rs10871669	T	C	1313.66	0.859723	0	1.00482	0.198508	29.6984	34.3484	4.151703E-07	4.034302E-07	true	0.921406	0.828639	256	508	221	34	353	143
chr18	70492821	rs9949502	C	A	185.156	0.121175	0	-0.950408	0.203826	-26.3587	31.9769	3.118599E-06	3.142464E-06	true	0.067416	0.148267	256	508	1	32	10	130
chr18	70492959	rs11664660	T	C	1313.53	0.859643	0	1.00574	0.198399	29.7604	34.3909	3.993383E-07	3.879627E-07	true	0.9214	0.828521	256	508	221	34	353	143
chr18	70492986	rs72107079	GTAATATTA	G	1313.53	0.859643	0	1.00574	0.198399	29.7604	34.3909	3.993383E-07	3.879627E-07	true	0.9214	0.828521	256	508	221	34	353	143
chr18	70493077	rs4891859	A	G	1313.54	0.859646	0	1.00568	0.198395	29.7595	34.3914	3.997080E-07	3.883309E-07	true	0.921402	0.828525	256	508	221	34	353	143
chr18	70493111	rs4891860	C	T	1311.95	0.858606	0	1.02589	0.198481	30.4603	34.6267	2.357588E-07	2.262012E-07	true	0.921373	0.826975	256	508	221	34	351	145
chr18	70493322	rs11366565	GC	G	1311.95	0.858606	0	1.02589	0.198481	30.4603	34.6267	2.357588E-07	2.262012E-07	true	0.921373	0.826975	256	508	221	34	351	145
chr18	70493338	rs4243320	G	A	1311.94	0.858598	0	1.02592	0.198484	30.4607	34.6262	2.356308E-07	2.260751E-07	true	0.921365	0.826968	256	508	221	34	351	145
chr18	70493434	rs4243321	T	C	1311.92	0.858584	0	1.02599	0.198486	30.4626	34.6262	2.352363E-07	2.256879E-07	true	0.921354	0.826952	256	508	221	34	351	145
chr18	70493538	rs4243322	A	T	1497.09	0.979772	0	1.41452	0.643353	4.10098	3.54066	2.790186E-02	2.929862E-02	true	0.988775	0.975235	256	508	254	2	490	18
chr18	70493562	rs4243323	C	T	1313.22	0.859437	0	1.01737	0.198938	30.0172	34.3613	3.153670E-07	3.042848E-07	true	0.921428	0.828197	256	508	221	34	352	144
chr18	70493744	rs17819618	C	G	119.388	0.0781335	0	-0.131665	0.219924	-2.72223	20.6754	5.493842E-01	5.493842E-01	false	0.0662441	0.084125	256	508	2	29	5	75
chr18	70493801	rs4891861	G	C	1313.48	0.859609	0	1.01764	0.19896	30.0214	34.36	3.140561E-07	3.029763E-07	true	0.921611	0.828364	256	508	221	34	352	144
chr18	70493937	rs17819660	G	C	154.514	0.101122	0	-0.961133	0.221404	-22.8908	27.8736	1.417772E-05	1.452573E-05	true	0.0529941	0.125375	256	508	1	25	8	111
chr18	70494233	rs2366386	G	A	158.821	0.10394	0	-0.946561	0.218613	-22.9939	28.2817	1.492168E-05	1.533962E-05	true	0.055248	0.128478	256	508	1	26	8	114
chr18	70494268	rs11662261	G	A	1309.41	0.856945	0	1.00495	0.196988	30.0942	34.7279	3.368148E-07	3.277789E-07	true	0.919414	0.825465	256	508	220	35	349	147
chr18	70494429	rs2366387	C	G	158.325	0.103616	0	-0.945874	0.218631	-22.9705	28.2697	1.516044E-05	1.558532E-05	true	0.0550059	0.128112	256	508	1	26	8	114
chr18	70494945	rs12956725	A	G	1309.41	0.856945	0	1.00495	0.196988	30.0942	34.7279	3.368148E-07	3.277789E-07	true	0.919414	0.825465	256	508	220	35	349	147
chr18	70495261	rs11151593	A	G	1309.49	0.856999	0	1.00646	0.19711	30.1114	34.7053	3.289038E-07	3.199231E-07	true	0.9195	0.825502	256	508	220	35	349	147
chr18	70495459	rs12606770	A	G	30.632	0.0200471	0	1.26886	0.470102	5.17473	3.75226	6.952420E-03	7.553269E-03	true	0.0305	0.0147795	256	508	0	11	0	11
