region	iso_3166_2	n	q1_south_asian	q2_east_asian	q3_african	q4_european_west_eurasian
Tashkent	UZ-TK	459	0.184561	0.289152	0.001866	0.524421
Tashkent Region	UZ-TO	159	0.180055	0.335724	0.001762	0.482459
Jizzakh Region	UZ-JI	84	0.178346	0.377514	0.001624	0.442516
Kashkadarya Region	UZ-QA	57	0.216582	0.294926	0.002971	0.485521
Samarkand Region	UZ-SA	50	0.214316	0.286807	0.003270	0.495607
Khorezm Region	UZ-XO	43	0.210409	0.242976	0.004481	0.542134
Bukhara Region	UZ-BU	30	0.261701	0.195099	0.005242	0.537958
Syrdarya Region	UZ-SI	30	0.179682	0.324414	0.001959	0.493944
Fergana Region	UZ-FA	28	0.196837	0.307289	0.001906	0.493968
Republic of Karakalpakstan	UZ-QR	20	0.148127	0.365277	0.003139	0.483458
Surxondaryo Region	UZ-SU	20	0.215274	0.325122	0.001916	0.457688
Namangan Region	UZ-NG	18	0.196019	0.291237	0.002034	0.510710
Navoiy Region	UZ-NW	13	0.202822	0.339608	0.003478	0.454091
Andijan Region	UZ-AN	10	0.186727	0.310047	0.002407	0.500820
