panel_index,chr,snp,bp,a1,a2,maf,f_miss,n_geno
1,1,rs5026665,5314880,A,G,0.4977,0.0009107,1098
2,1,rs2453244,32510302,A,C,0.4986,0.001821,1098
3,1,rs2615811,38105181,G,A,0.4986,0.0009107,1098
4,1,rs12028069,47549894,G,A,0.4991,0.001821,1098
5,1,rs2803881,162873816,A,C,0.4977,0.001821,1098
6,2,rs7420933,10249829,A,G,0.4977,0.001821,1098
7,2,rs11677322,80143801,A,G,0.4986,0.0009107,1098
8,2,rs13419826,133471437,A,G,0.4995,0.001821,1098
9,2,rs4245855,141391759,A,G,0.4986,0.001821,1098
10,2,rs7563682,200674483,G,A,0.4982,0.001821,1098
11,3,rs4684373,2950239,A,G,0.4954,0.001821,1098
12,3,rs9990164,83896003,G,A,0.4945,0.0009107,1098
13,3,rs35902618,101096913,A,G,0.4973,0.001821,1098
14,3,rs1861940,170513227,A,G,0.4995,0.001821,1098
15,3,rs2056596,179849628,A,G,0.4982,0.0009107,1098
16,4,rs739778,7701538,A,G,0.4973,0.0009107,1098
17,4,rs1365162,75068516,A,G,0.4986,0.0009107,1098
18,4,rs4240307,117430225,C,A,0.4918,0.0009107,1098
19,4,rs6830385,177370103,G,A,0.4973,0.0009107,1098
20,4,rs6827160,185056044,G,A,0.4973,0.0009107,1098
21,5,rs1651071,6676818,A,G,0.4913,0.0009107,1098
22,5,rs425464,106746192,A,G,0.4936,0.001821,1098
23,5,rs440970,132000594,A,C,0.4954,0.0009107,1098
24,5,rs4958315,152548454,A,C,0.4891,0.0,1098
25,5,rs1025482,167466252,A,G,0.4973,0.0,1098
26,6,rs6910246,6080203,A,G,0.4986,0.001821,1098
27,6,rs767231,11242903,A,G,0.4918,0.0009107,1098
28,6,rs2523534,31368572,A,G,0.4927,0.001821,1098
29,6,rs7760343,123603782,A,G,0.4945,0.001821,1098
30,6,rs4870448,156392020,G,A,0.4964,0.001821,1098
31,7,rs10245553,33094130,G,A,0.4995,0.0009107,1098
32,7,rs6970061,40750658,G,A,0.4986,0.0009107,1098
33,7,rs2967925,81417144,G,A,0.4995,0.001821,1098
34,7,rs6973489,101460176,G,A,0.4964,0.001821,1098
35,7,rs9641538,115391521,A,G,0.4982,0.001821,1098
36,8,rs13274614,757884,A,G,0.4922,0.001821,1098
37,8,rs4841087,9042305,G,A,0.4927,0.0009107,1098
38,8,rs6468230,34124977,A,G,0.4941,0.001821,1098
39,8,rs9643604,69588020,G,A,0.4927,0.001821,1098
40,8,rs1552548,83477636,G,A,0.4941,0.001821,1098
41,9,rs480700,14079068,A,G,0.4973,0.001821,1098
42,9,rs4877900,85017403,A,G,0.4922,0.001821,1098
43,10,rs3750729,1022862,G,A,0.4959,0.001821,1098
44,10,rs11256450,10019171,A,G,0.4991,0.001821,1098
45,10,rs4748233,15977794,A,G,0.4991,0.001821,1098
46,10,rs10508881,44046117,G,A,0.4927,0.001821,1098
47,10,rs11194423,109145453,G,A,0.4918,0.0009107,1098
48,11,rs217767,16776320,G,A,0.4964,0.0009107,1098
49,11,rs559744,60028651,A,C,0.4991,0.001821,1098
50,11,rs552130,65965329,A,G,0.4904,0.0,1098
51,11,rs651933,72215616,A,G,0.4954,0.001821,1098
52,11,rs3133226,120721327,G,A,0.4882,0.0,1098
53,12,rs2041381,4845425,G,A,0.4959,0.001821,1098
54,12,rs1494505,65416394,A,G,0.5,0.0009107,1098
55,12,rs1546746,72215588,A,G,0.4995,0.0009107,1098
56,12,rs7960822,91797689,G,A,0.4982,0.001821,1098
57,12,rs10773661,129446628,A,G,0.4977,0.001821,1098
58,13,rs12862093,20115159,A,G,0.4964,0.001821,1098
59,13,rs7329529,26747131,G,A,0.4986,0.001821,1098
60,13,rs1325324,44407773,A,G,0.4959,0.0009107,1098
61,13,rs9516017,92140254,A,G,0.4982,0.001821,1098
62,13,rs9634528,102043884,A,C,0.4936,0.0009107,1098
63,14,rs1998193,39221552,C,A,0.4945,0.001821,1098
64,14,rs12587412,46803220,A,C,0.4922,0.001821,1098
65,14,rs1188184,55975694,G,A,0.4986,0.001821,1098
66,14,rs3829784,76501364,A,G,0.4982,0.0009107,1098
67,14,rs10131209,101251688,C,A,0.4923,0.0009107,1098
68,15,rs7177101,38507168,G,A,0.4868,0.001821,1098
69,15,rs1980163,53477562,C,A,0.4881,0.001821,1098
70,15,rs6494552,66104684,A,G,0.4904,0.001821,1098
71,15,rs8030354,94750649,A,G,0.4913,0.001821,1098
72,16,rs4984913,690466,A,G,0.4995,0.001821,1098
73,16,rs7187723,8383122,G,A,0.4923,0.0009107,1098
74,16,rs7199361,25057433,G,A,0.4941,0.001821,1098
75,16,rs12325224,70641460,A,G,0.4918,0.0009107,1098
76,16,rs889472,79612092,C,A,0.4941,0.001821,1098
77,17,rs62056168,361213,G,A,0.4982,0.0009107,1098
78,17,rs11078710,7873723,A,C,0.4845,0.0009107,1098
79,17,rs3894194,39965740,A,G,0.4923,0.0,1098
80,17,rs9898812,72714837,C,A,0.4945,0.001821,1098
81,17,rs4436839,78328187,C,A,0.495,0.0009107,1098
82,18,rs11877277,5829908,A,G,0.4923,0.0009107,1098
83,18,rs9304294,43751704,G,A,0.5,0.001821,1098
84,18,rs2852974,56128390,G,A,0.4895,0.001821,1098
85,18,rs930171,62029806,G,A,0.4932,0.001821,1098
86,18,rs884231,76619233,A,C,0.4909,0.0009107,1098
87,19,rs773901,16892978,C,A,0.4991,0.001821,1098
88,19,rs749981,34849062,A,G,0.4854,0.001821,1098
89,20,rs6052699,4631231,G,A,0.4845,0.001821,1098
90,20,rs4053099,10154826,C,A,0.4977,0.001821,1098
91,20,rs6017335,44382185,G,A,0.4909,0.001821,1098
92,20,rs8119787,51530532,A,G,0.4982,0.001821,1098
93,21,rs2834099,33140949,C,A,0.4959,0.001821,1098
94,21,rs10439675,41309670,A,C,0.4845,0.001821,1098
95,22,rs5763767,30097893,G,A,0.4986,0.0009107,1098
96,22,rs2269594,36180123,A,G,0.4959,0.001821,1098
